imdbID,imdbRating,Country,data_created_time,data_updateded_time
tt21867370,6.6,South Korea,2025-02-26,2025-02-26
tt17494686,6.1,South Korea,2025-02-26,2025-02-26
tt13721828,6.3,South Korea,2025-02-26,2025-02-26
tt15838850,7.0,South Korea,2025-02-26,2025-02-26
tt20168564,6.3,South Korea,2025-02-26,2025-02-26
tt15575470,6.0,South Korea,2025-02-26,2025-02-26
tt22191360,N/A,N/A,2025-02-26,2025-02-26
tt12477480,7.3,South Korea,2025-02-26,2025-02-26
tt16529222,6.4,South Korea,2025-02-26,2025-02-26
tt13182834,6.6,South Korea,2025-02-26,2025-02-26
tt19383926,N/A,South Korea,2025-02-26,2025-02-26
tt21279122,6.7,South Korea,2025-02-26,2025-02-26
tt14140954,6.5,South Korea,2025-02-26,2025-02-26
tt21109538,6.6,South Korea,2025-02-26,2025-02-26
tt23871504,6.7,South Korea,2025-02-26,2025-02-26
tt23849218,N/A,South Korea,2025-02-26,2025-02-26
tt23157348,N/A,South Korea,2025-02-26,2025-02-26
tt21263500,4.6,South Korea,2025-02-26,2025-02-26
tt19713090,6.6,South Korea,2025-02-26,2025-02-26
tt15108954,6.2,South Korea,2025-02-26,2025-02-26
tt7282468,7.4,"South Korea, Japan",2025-02-26,2025-02-26
tt16755970,6.8,South Korea,2025-02-26,2025-02-26
tt23746764,6.2,South Korea,2025-02-26,2025-02-26
tt22872370,6.8,South Korea,2025-02-26,2025-02-26
tt16676718,6.1,South Korea,2025-02-26,2025-02-26
tt13236270,6.6,South Korea,2025-02-26,2025-02-26
tt21632892,5.2,South Korea,2025-02-26,2025-02-26
tt19849514,6.5,South Korea,2025-02-26,2025-02-26
tt22048600,5.6,South Korea,2025-02-26,2025-02-26
tt12663772,6.8,South Korea,2025-02-26,2025-02-26
tt19632878,5.7,South Korea,2025-02-26,2025-02-26
tt19245482,5.6,South Korea,2025-02-26,2025-02-26
tt17491616,6.8,South Korea,2025-02-26,2025-02-26
tt5213138,6.8,"Singapore, South Korea",2025-02-26,2025-02-26
tt18372308,6.3,South Korea,2025-02-26,2025-02-26
tt23813502,N/A,South Korea,2025-02-26,2025-02-26
tt14371900,7.5,South Korea,2025-02-26,2025-02-26
tt27553313,6.2,South Korea,2025-02-26,2025-02-26
tt14035108,6.2,South Korea,2025-02-26,2025-02-26
tt14425000,5.9,South Korea,2025-02-26,2025-02-26
tt14776918,7.0,South Korea,2025-02-26,2025-02-26
tt17146978,6.8,South Korea,2025-02-26,2025-02-26
tt13705634,7.3,South Korea,2025-02-26,2025-02-26
tt9602472,6.1,Australia,2025-02-26,2025-02-26
tt15575176,N/A,Australia,2025-02-26,2025-02-26
tt14773800,5.9,"France, Morocco",2025-02-26,2025-02-26
tt11792512,6.1,"Germany, Australia",2025-02-26,2025-02-26
tt10231726,3.2,Hong Kong,2025-02-26,2025-02-26
tt5790684,6.0,"Germany, Australia, Belgium, India, Italy",2025-02-26,2025-02-26
tt9409660,N/A,Germany,2025-02-26,2025-02-26
tt13846414,7.1,Germany,2025-02-26,2025-02-26
tt13087796,7.0,Germany,2025-02-26,2025-02-26
tt11080676,6.8,Germany,2025-02-26,2025-02-26
tt13021476,5.7,Germany,2025-02-26,2025-02-26
tt14463426,6.9,"Germany, Iraq, Qatar",2025-02-26,2025-02-26
tt15041866,5.6,Israel,2025-02-26,2025-02-26
tt13350988,6.2,"Brazil, Argentina",2025-02-26,2025-02-26
tt8129794,6.3,Germany,2025-02-26,2025-02-26
tt7904172,5.7,"Germany, Italy, Denmark",2025-02-26,2025-02-26
tt0130827,7.6,Germany,2025-02-26,2025-02-26
tt9110904,6.4,"Italy, France",2025-02-26,2025-02-26
tt10791152,6.7,Italy,2025-02-26,2025-02-26
tt0156610,7.4,"Taiwan, France",2025-02-26,2025-02-26
tt10072662,5.6,"Italy, France, United States",2025-02-26,2025-02-26
tt13091090,N/A,"Italy, Argentina",2025-02-26,2025-02-26
tt8550054,6.3,"Sweden, Netherlands, France, United States, Denmark",2025-02-26,2025-02-26
tt10851414,7.0,"Norway, Germany",2025-02-26,2025-02-26
tt11409736,6.6,Switzerland,2025-02-26,2025-02-26
tt11967484,6.0,Switzerland,2025-02-26,2025-02-26
tt14775784,7.5,"Austria, Germany",2025-02-26,2025-02-26
tt13017046,4.0,Vietnam,2025-02-26,2025-02-26
tt17785786,4.2,Vietnam,2025-02-26,2025-02-26
tt14134154,4.5,Vietnam,2025-02-26,2025-02-26
tt15839780,7.5,Vietnam,2025-02-26,2025-02-26
tt9415108,6.6,"Slovakia, Czech Republic, Poland, Germany",2025-02-26,2025-02-26
tt3804810,6.7,"Czech Republic, France, Poland, Slovakia",2025-02-26,2025-02-26
tt13479414,6.4,Czech Republic,2025-02-26,2025-02-26
tt14760842,N/A,"Hong Kong, Malaysia",2025-02-26,2025-02-26
tt11238518,4.4,"Ukraine, Cyprus",2025-02-26,2025-02-26
tt16315948,6.9,"Ukraine, Turkey",2025-02-26,2025-02-26
tt14296268,6.7,Thailand,2025-02-26,2025-02-26
tt19328882,4.7,Thailand,2025-02-26,2025-02-26
tt18259846,4.5,Thailand,2025-02-26,2025-02-26
tt22479478,4.4,Thailand,2025-02-26,2025-02-26
tt19072268,5.1,Thailand,2025-02-26,2025-02-26
tt19357986,6.5,Thailand,2025-02-26,2025-02-26
tt8399288,6.4,"Colombia, Thailand, France, Germany, Mexico, Qatar, United Kingdom, China, United States, Switzerland, Taiwan, Japan, Netherlands, Hong Kong",2025-02-26,2025-02-26
tt1588895,6.7,"Thailand, United Kingdom, France, Germany, Spain, Netherlands",2025-02-26,2025-02-26
tt21243636,4.0,Thailand,2025-02-26,2025-02-26
tt4028464,7.0,"Norway, Sweden, Denmark, Finland, France, United Kingdom",2025-02-26,2025-02-26
tt13821562,7.2,Norway,2025-02-26,2025-02-26
tt8856814,N/A,China,2025-02-26,2025-02-26
tt15010590,7.0,Hong Kong,2025-02-26,2025-02-26
tt8165192,6.5,"Hong Kong, China",2025-02-26,2025-02-26
tt10283270,6.2,"Hong Kong, China",2025-02-26,2025-02-26
tt10117402,6.4,"Hong Kong, China",2025-02-26,2025-02-26
tt0118845,7.7,"Hong Kong, South Korea, Japan",2025-02-26,2025-02-26
tt0101258,7.4,Hong Kong,2025-02-26,2025-02-26
tt0093258,7.3,Hong Kong,2025-02-26,2025-02-26
tt21187542,6.9,Hong Kong,2025-02-26,2025-02-26
tt14032696,7.1,"Hong Kong, China",2025-02-26,2025-02-26
tt6419442,5.9,China,2025-02-26,2025-02-26
tt10423286,5.0,Hong Kong,2025-02-26,2025-02-26
tt0102816,7.4,Hong Kong,2025-02-26,2025-02-26
tt0092263,7.4,Hong Kong,2025-02-26,2025-02-26
tt17044664,5.9,"Hong Kong, China",2025-02-26,2025-02-26
tt15244854,6.5,Hong Kong,2025-02-26,2025-02-26
tt4431104,6.3,"Hong Kong, China",2025-02-26,2025-02-26
tt15282802,7.1,Hong Kong,2025-02-26,2025-02-26
tt18500636,5.2,"Hong Kong, China",2025-02-26,2025-02-26
tt0093426,7.5,Hong Kong,2025-02-26,2025-02-26
tt10687168,6.1,"Hong Kong, China",2025-02-26,2025-02-26
tt21867590,7.2,Hong Kong,2025-02-26,2025-02-26
tt0168496,6.7,Hong Kong,2025-02-26,2025-02-26
tt15619584,6.0,Hong Kong,2025-02-26,2025-02-26
tt0338564,8.0,Hong Kong,2025-02-26,2025-02-26
tt0095533,6.3,"Hong Kong, Taiwan",2025-02-26,2025-02-26
tt0156587,7.3,"Taiwan, Japan",2025-02-26,2025-02-26
tt0369060,7.2,"Hong Kong, Singapore, China",2025-02-26,2025-02-26
tt0374339,6.8,"Hong Kong, China, Taiwan",2025-02-26,2025-02-26
tt0115832,6.8,"United Kingdom, Spain, Germany",2025-02-26,2025-02-26
tt15049118,8.5,Hong Kong,2025-02-26,2025-02-26
tt0066921,8.2,"United Kingdom, United States",2025-02-26,2025-02-26
tt7322224,7.3,"United Kingdom, Sweden, Germany, Mexico, France, Turkey, Denmark, United States, Switzerland, Greece",2025-02-26,2025-02-26
tt12550376,4.4,"United Kingdom, Malta",2025-02-26,2025-02-26
tt11127680,7.5,United Kingdom,2025-02-26,2025-02-26
tt4061620,7.1,"United Kingdom, Estonia",2025-02-26,2025-02-26
tt6805938,5.1,United Kingdom,2025-02-26,2025-02-26
tt19652910,6.7,"Poland, Italy",2025-02-26,2025-02-26
tt11196036,6.2,"United States, United Kingdom, China, Sweden",2025-02-26,2025-02-26
tt5693182,6.1,"United Kingdom, United States",2025-02-26,2025-02-26
tt7392014,6.5,"United Kingdom, Australia, United States",2025-02-26,2025-02-26
tt0102511,6.9,"Canada, United Kingdom, Japan",2025-02-26,2025-02-26
tt0115964,6.4,"Canada, United Kingdom",2025-02-26,2025-02-26
tt1723811,7.2,"United Kingdom, Canada",2025-02-26,2025-02-26
tt8523022,N/A,"United Kingdom, United States, Italy",2025-02-26,2025-02-26
tt7606796,7.4,United Kingdom,2025-02-26,2025-02-26
tt10370886,6.3,United Kingdom,2025-02-26,2025-02-26
tt0089343,6.4,United Kingdom,2025-02-26,2025-02-26
tt10872600,8.2,United States,2025-02-26,2025-02-26
tt1630029,7.5,United States,2025-02-26,2025-02-26
tt9032400,6.3,United States,2025-02-26,2025-02-26
tt9419884,6.9,United States,2025-02-26,2025-02-26
tt10648342,6.2,"Australia, United States",2025-02-26,2025-02-26
tt6856242,6.3,"United Kingdom, United States",2025-02-26,2025-02-26
tt7097896,5.9,United States,2025-02-26,2025-02-26
tt1160419,8.0,"United States, Canada",2025-02-26,2025-02-26
tt9376612,7.4,United States,2025-02-26,2025-02-26
tt6443346,6.2,"United States, Canada, New Zealand, Hungary",2025-02-26,2025-02-26
tt1877830,7.8,United States,2025-02-26,2025-02-26
tt4123432,6.2,"United Kingdom, United States",2025-02-26,2025-02-26
tt12593682,7.3,"United States, Japan",2025-02-26,2025-02-26
tt1464335,6.3,"United States, Spain",2025-02-26,2025-02-26
tt6264654,7.1,"United States, Canada",2025-02-26,2025-02-26
tt6710474,7.8,United States,2025-02-26,2025-02-26
tt10838180,5.6,"United States, Australia",2025-02-26,2025-02-26
tt5834426,5.1,"United States, China, United Kingdom, Canada, Hong Kong",2025-02-26,2025-02-26
tt6920084,5.2,"Canada, Germany",2025-02-26,2025-02-26
tt5108870,5.1,United States,2025-02-26,2025-02-26
tt3480822,6.6,United States,2025-02-26,2025-02-26
tt7657566,6.3,United States,2025-02-26,2025-02-26
tt2953050,7.2,United States,2025-02-26,2025-02-26
tt15474916,6.5,United States,2025-02-26,2025-02-26
tt13320622,6.1,United States,2025-02-26,2025-02-26
tt10648342,6.2,"Australia, United States",2025-02-26,2025-02-26
tt4998632,6.1,"United States, Japan",2025-02-26,2025-02-26
tt11851548,5.9,"Canada, United States",2025-02-26,2025-02-26
tt8115900,6.8,"United States, United Kingdom",2025-02-26,2025-02-26
tt11832046,6.1,"Canada, United States",2025-02-26,2025-02-26
tt14109724,6.1,"United Kingdom, Japan, United States",2025-02-26,2025-02-26
tt9764362,7.2,United States,2025-02-26,2025-02-26
tt7069210,6.3,United States,2025-02-26,2025-02-26
tt6902332,5.7,United States,2025-02-26,2025-02-26
tt12801262,7.4,United States,2025-02-26,2025-02-26
tt7740496,7.0,"United States, Mexico, Canada",2025-02-26,2025-02-26
tt8847712,7.1,"United States, Germany, Sweden, France, United Kingdom",2025-02-26,2025-02-26
tt6932874,5.9,United States,2025-02-26,2025-02-26
tt15325794,6.4,"United Kingdom, United States",2025-02-26,2025-02-26
tt8385148,6.1,"United Kingdom, United States, Sweden, Bulgaria, France",2025-02-26,2025-02-26
tt7693316,6.6,United States,2025-02-26,2025-02-26
tt14060094,4.8,"United States, Australia, China",2025-02-26,2025-02-26
tt9844522,5.7,"United States, South Africa, Hungary, Canada",2025-02-26,2025-02-26
tt3811906,6.2,"United States, China",2025-02-26,2025-02-26
tt9271672,5.3,United States,2025-02-26,2025-02-26
tt7144666,6.9,United States,2025-02-26,2025-02-26
tt11291274,7.0,United States,2025-02-26,2025-02-26
tt5726616,7.8,"Brazil, France, Italy, United States",2025-02-26,2025-02-26
tt0241527,7.7,"United Kingdom, United States",2025-02-26,2025-02-26
tt6246322,6.0,United States,2025-02-26,2025-02-26
tt3758814,5.6,"United States, Canada",2025-02-26,2025-02-26
tt12003946,6.7,"United States, Canada, Japan",2025-02-26,2025-02-26
tt8356942,5.6,"United States, China",2025-02-26,2025-02-26
tt7504818,7.1,"United States, United Kingdom, India",2025-02-26,2025-02-26
tt11245972,6.3,United States,2025-02-26,2025-02-26
tt9639470,7.0,"United Kingdom, China",2025-02-26,2025-02-26
tt9620288,7.5,"United States, Australia",2025-02-26,2025-02-26
tt9411972,7.2,United States,2025-02-26,2025-02-26
tt10304142,6.1,"United States, Japan",2025-02-26,2025-02-26
tt10665338,5.5,United States,2025-02-26,2025-02-26
tt10633456,7.4,United States,2025-02-26,2025-02-26
tt10028196,5.6,India,2025-02-26,2025-02-26
tt2397461,5.9,"United States, Canada, United Kingdom",2025-02-26,2025-02-26
tt10731256,6.3,United States,2025-02-26,2025-02-26
tt11827628,5.7,United States,2025-02-26,2025-02-26
tt10665342,5.0,United States,2025-02-26,2025-02-26
tt12536294,6.5,"United Kingdom, Germany, United States, Chile",2025-02-26,2025-02-26
tt10168670,6.8,"Italy, United States",2025-02-26,2025-02-26
tt9198364,6.7,"Australia, United States",2025-02-26,2025-02-26
tt9731598,6.4,United States,2025-02-26,2025-02-26
tt7740510,5.9,"Mexico, United States, Canada, China, United Kingdom",2025-02-26,2025-02-26
tt4244994,7.3,"United States, United Kingdom",2025-02-26,2025-02-26
tt13640696,6.5,"United Kingdom, United States",2025-02-26,2025-02-26
tt3581652,7.1,"United States, Canada, United Kingdom",2025-02-26,2025-02-26
tt13223398,5.6,"United States, Iceland, Japan",2025-02-26,2025-02-26
tt0092099,6.9,United States,2025-02-26,2025-02-26
tt14779306,8.0,United States,2025-02-26,2025-02-26
tt12873562,5.3,"United States, Hungary",2025-02-26,2025-02-26
tt8110652,6.2,"United States, France",2025-02-26,2025-02-26
tt0062622,8.3,"United Kingdom, United States",2025-02-26,2025-02-26
tt0338013,8.3,United States,2025-02-26,2025-02-26
tt14121726,2.6,"United States, United Kingdom",2025-02-26,2025-02-26
tt1879016,6.6,"United Kingdom, United States",2025-02-26,2025-02-26
tt0081505,8.4,"United Kingdom, United States",2025-02-26,2025-02-26
tt10323676,5.8,United States,2025-02-26,2025-02-26
tt12193804,6.6,United States,2025-02-26,2025-02-26
tt11198810,7.3,"United States, Japan",2025-02-26,2025-02-26
tt0119485,7.0,"Monaco, United States, Morocco",2025-02-26,2025-02-26
tt9853500,6.4,Canada,2025-02-26,2025-02-26
tt13133936,4.9,United States,2025-02-26,2025-02-26
tt8717446,6.6,"United States, United Kingdom",2025-02-26,2025-02-26
tt12789558,7.2,United Kingdom,2025-02-26,2025-02-26
tt8718158,6.2,"United States, United Kingdom",2025-02-26,2025-02-26
tt15690300,4.3,United States,2025-02-26,2025-02-26
tt11209212,5.8,Canada,2025-02-26,2025-02-26
tt14824590,5.4,United States,2025-02-26,2025-02-26
tt10362566,5.3,"Mexico, United States",2025-02-26,2025-02-26
tt11252248,6.5,United States,2025-02-26,2025-02-26
tt1736633,7.6,"Norway, Denmark, Sweden",2025-02-26,2025-02-26
tt21435436,3.8,United States,2025-02-26,2025-02-26
tt14577300,3.3,United States,2025-02-26,2025-02-26
tt10957044,3.6,United States,2025-02-26,2025-02-26
tt0093058,8.2,"United Kingdom, United States",2025-02-26,2025-02-26
tt6506264,5.4,"Germany, Switzerland",2025-02-26,2025-02-26
tt6456326,5.4,Australia,2025-02-26,2025-02-26
tt8009744,6.8,"United Kingdom, Canada, United States",2025-02-26,2025-02-26
tt22394694,4.0,United States,2025-02-26,2025-02-26
tt4029412,3.5,"Puerto Rico, United States, United Kingdom",2025-02-26,2025-02-26
tt9421200,5.5,"Spain, Germany, France",2025-02-26,2025-02-26
tt0120663,7.5,"United Kingdom, United States",2025-02-26,2025-02-26
tt13432484,3.3,"Germany, United States, United Kingdom, Italy",2025-02-26,2025-02-26
tt11388416,5.6,United States,2025-02-26,2025-02-26
tt14412366,3.5,United States,2025-02-26,2025-02-26
tt0059113,7.9,"Italy, United Kingdom, United States",2025-02-26,2025-02-26
tt10023022,5.6,"United States, Germany",2025-02-26,2025-02-26
tt1441912,7.3,"Spain, United States",2025-02-26,2025-02-26
tt7975192,4.2,United States,2025-02-26,2025-02-26
tt13918550,4.4,United States,2025-02-26,2025-02-26
tt9054192,6.4,United States,2025-02-26,2025-02-26
tt12889404,6.4,"United Kingdom, Canada, United States",2025-02-26,2025-02-26
tt10344522,6.6,"Canada, United States",2025-02-26,2025-02-26
tt14923008,5.0,"United States, Germany, Switzerland",2025-02-26,2025-02-26
tt0119558,6.8,"France, United States, United Kingdom",2025-02-26,2025-02-26
tt14174168,3.9,"United States, Bulgaria, China, South Korea",2025-02-26,2025-02-26
tt13496236,3.4,"Canada, United States",2025-02-26,2025-02-26
tt11188624,5.2,United States,2025-02-26,2025-02-26
tt11131464,6.5,United States,2025-02-26,2025-02-26
tt13265876,3.0,"United States, Canada",2025-02-26,2025-02-26
tt3294746,6.6,United States,2025-02-26,2025-02-26
tt13889602,4.9,United States,2025-02-26,2025-02-26
tt14668630,6.1,"United States, United Kingdom, Italy",2025-02-26,2025-02-26
tt14577304,3.0,United States,2025-02-26,2025-02-26
tt0243155,6.8,"United Kingdom, France, Ireland, United States",2025-02-26,2025-02-26
tt0114436,5.1,"France, United States",2025-02-26,2025-02-26
tt4940336,3.5,"Australia, United States",2025-02-26,2025-02-26
tt1014759,6.4,"United States, Italy, Canada, Japan, United Kingdom",2025-02-26,2025-02-26
tt14199590,5.6,"United Kingdom, United States",2025-02-26,2025-02-26
tt10968602,7.2,United States,2025-02-26,2025-02-26
tt5629084,7.6,United Kingdom,2025-02-26,2025-02-26
tt0097216,7.9,United States,2025-02-26,2025-02-26
tt10984580,7.2,"Bolivia, Uruguay, France",2025-02-26,2025-02-26
tt0114787,8.0,"Federal Republic of Yugoslavia, France, Germany, Bulgaria, Czech Republic, Hungary",2025-02-26,2025-02-26
tt8006374,4.7,Russia,2025-02-26,2025-02-26
tt12036270,4.5,Russia,2025-02-26,2025-02-26
tt12216986,6.5,Russia,2025-02-26,2025-02-26
tt14303882,6.2,Russia,2025-02-26,2025-02-26
tt10933000,7.0,Russia,2025-02-26,2025-02-26
tt13322726,7.3,"Russia, France, Estonia",2025-02-26,2025-02-26
tt15815090,5.8,Russia,2025-02-26,2025-02-26
tt10648714,5.2,Russia,2025-02-26,2025-02-26
tt0072443,7.9,Soviet Union,2025-02-26,2025-02-26
tt0079944,8.0,Soviet Union,2025-02-26,2025-02-26
tt12390572,5.1,Finland,2025-02-26,2025-02-26
tt11636880,5.3,Finland,2025-02-26,2025-02-26
tt13328800,6.9,Finland,2025-02-26,2025-02-26
tt12519030,6.2,"Finland, Sweden, Norway, Belgium",2025-02-26,2025-02-26
tt11007444,6.8,"Finland, Sweden, Denmark, France",2025-02-26,2025-02-26
tt13328824,7.5,Finland,2025-02-26,2025-02-26
tt11871074,5.3,Poland,2025-02-26,2025-02-26
tt11369540,6.7,Poland,2025-02-26,2025-02-26
tt0156794,7.9,"France, Italy, Greece, Germany",2025-02-26,2025-02-26
tt8613070,8.1,France,2025-02-26,2025-02-26
tt13774454,6.2,"France, Belgium",2025-02-26,2025-02-26
tt10687506,6.8,United Kingdom,2025-02-26,2025-02-26
tt10341034,7.2,"France, Belgium",2025-02-26,2025-02-26
tt10944760,6.5,"France, Belgium",2025-02-26,2025-02-26
tt13880104,7.4,France,2025-02-26,2025-02-26
tt19783626,3.3,France,2025-02-26,2025-02-26
tt12998510,7.1,"France, Japan",2025-02-26,2025-02-26
tt14073780,N/A,"France, Belgium",2025-02-26,2025-02-26
tt13204490,7.4,France,2025-02-26,2025-02-26
tt13553662,7.0,"France, Switzerland",2025-02-26,2025-02-26
tt11906086,5.1,France,2025-02-26,2025-02-26
tt10366514,6.2,"France, Belgium, Germany",2025-02-26,2025-02-26
tt10088984,6.9,France,2025-02-26,2025-02-26
tt14317880,6.4,"France, United States, United Kingdom, Japan",2025-02-26,2025-02-26
tt11610804,6.2,France,2025-02-26,2025-02-26
tt13846402,6.9,France,2025-02-26,2025-02-26
tt13241688,4.6,Spain,2025-02-26,2025-02-26
tt6910282,6.6,"France, Belgium, Germany, Sweden, Mexico, Brazil, United Kingdom, United States",2025-02-26,2025-02-26
tt10505316,7.4,"France, Belgium",2025-02-26,2025-02-26
tt12847812,6.8,"France, Belgium",2025-02-26,2025-02-26
tt13269580,7.4,France,2025-02-26,2025-02-26
tt6270534,6.5,"France, Belgium",2025-02-26,2025-02-26
tt13234058,6.0,"United Kingdom, France, Germany",2025-02-26,2025-02-26
tt10945274,6.3,France,2025-02-26,2025-02-26
tt12444426,5.8,France,2025-02-26,2025-02-26
tt12496706,6.3,"Belgium, France",2025-02-26,2025-02-26
tt14039392,N/A,France,2025-02-26,2025-02-26
tt7555774,6.9,France,2025-02-26,2025-02-26
tt0053198,8.0,France,2025-02-26,2025-02-26
tt9844938,7.2,"France, Japan, Germany, Belgium, Italy, Cambodia",2025-02-26,2025-02-26
tt13613056,5.6,France,2025-02-26,2025-02-26
tt18317064,7.1,"Belgium, France",2025-02-26,2025-02-26
tt0053472,7.7,France,2025-02-26,2025-02-26
tt11310670,6.2,"France, Belgium, Switzerland",2025-02-26,2025-02-26
tt10023172,5.4,"France, Belgium",2025-02-26,2025-02-26
tt11105790,6.5,"Lebanon, France",2025-02-26,2025-02-26
tt0055032,7.7,France,2025-02-26,2025-02-26
tt12444424,6.7,France,2025-02-26,2025-02-26
tt11006570,5.5,France,2025-02-26,2025-02-26
tt2278871,7.7,"France, Belgium, Spain",2025-02-26,2025-02-26
tt0080610,7.3,France,2025-02-26,2025-02-26
tt7534102,7.5,"France, Switzerland, Luxembourg, Monaco",2025-02-26,2025-02-26
tt13353386,5.8,"France, Belgium",2025-02-26,2025-02-26
tt14371818,N/A,France,2025-02-26,2025-02-26
tt13482828,7.0,"France, United Kingdom, Germany",2025-02-26,2025-02-26
tt13142240,6.4,France,2025-02-26,2025-02-26
tt15115102,7.0,France,2025-02-26,2025-02-26
tt0058898,7.0,"France, Italy",2025-02-26,2025-02-26
tt12847680,5.9,"France, Switzerland",2025-02-26,2025-02-26
tt14280366,6.3,France,2025-02-26,2025-02-26
tt0056663,7.8,France,2025-02-26,2025-02-26
tt0060675,7.4,"France, Sweden",2025-02-26,2025-02-26
tt9800670,5.5,France,2025-02-26,2025-02-26
tt14429000,6.5,France,2025-02-26,2025-02-26
tt0082533,6.5,United States,2025-02-26,2025-02-26
tt10376800,6.0,France,2025-02-26,2025-02-26
tt10533078,5.3,France,2025-02-26,2025-02-26
tt9431080,5.4,"France, Belgium",2025-02-26,2025-02-26
tt0088241,7.7,"Greece, West Germany, Italy, United Kingdom",2025-02-26,2025-02-26
tt0765442,6.5,"Greece, Italy, Germany, Russia, France",2025-02-26,2025-02-26
tt0445528,5.8,Hong Kong,2025-02-26,2025-02-26
tt0096288,7.9,"Greece, France, Italy",2025-02-26,2025-02-26
tt13317230,6.4,"Greece, Germany, Belgium",2025-02-26,2025-02-26
tt12618926,7.1,"Spain, France",2025-02-26,2025-02-26
tt12443220,6.0,Spain,2025-02-26,2025-02-26
tt11700260,7.0,"Spain, Argentina",2025-02-26,2025-02-26
tt8393332,5.4,Spain,2025-02-26,2025-02-26
tt15341168,6.6,Spain,2025-02-26,2025-02-26
tt11777920,5.2,"Spain, Senegal, Mexico",2025-02-26,2025-02-26
tt11797376,5.4,"Spain, Argentina, Germany",2025-02-26,2025-02-26
tt12500804,5.1,"Spain, Mexico",2025-02-26,2025-02-26
tt6277462,5.6,"India, United Kingdom, United States",2025-02-26,2025-02-26
tt13299890,8.1,India,2025-02-26,2025-02-26
tt9681686,7.4,"India, France, United States",2025-02-26,2025-02-26
tt16915972,6.7,Indonesia,2025-02-26,2025-02-26
tt15215918,6.6,Indonesia,2025-02-26,2025-02-26
tt9834506,5.5,Hungary,2025-02-26,2025-02-26
tt8205028,6.2,"Hungary, Germany, Italy, France",2025-02-26,2025-02-26
tt13882736,5.9,Iceland,2025-02-26,2025-02-26
tt0093342,8.1,Iran,2025-02-26,2025-02-26
tt0111845,7.7,"Iran, France",2025-02-26,2025-02-26
tt0105888,7.9,Iran,2025-02-26,2025-02-26
tt11777738,7.5,"Iran, France",2025-02-26,2025-02-26
tt11773484,7.1,"Iran, France",2025-02-26,2025-02-26
tt10514056,6.8,Canada,2025-02-26,2025-02-26
tt8767908,6.8,"Canada, France",2025-02-26,2025-02-26
tt14549466,5.8,"Canada, Greece, United Kingdom, France",2025-02-26,2025-02-26
tt9143112,6.5,"United Kingdom, Canada, United States",2025-02-26,2025-02-26
tt9204898,6.5,Canada,2025-02-26,2025-02-26
tt8372094,5.4,Canada,2025-02-26,2025-02-26
tt12532368,6.3,"Belgium, France, United States",2025-02-26,2025-02-26
tt11032374,8.2,Japan,2025-02-26,2025-02-26
tt14331144,7.8,Japan,2025-02-26,2025-02-26
tt16410438,6.9,Japan,2025-02-26,2025-02-26
tt9116358,7.0,Japan,2025-02-26,2025-02-26
tt13642590,7.1,Japan,2025-02-26,2025-02-26
tt15467380,6.9,Japan,2025-02-26,2025-02-26
tt16444750,6.9,Japan,2025-02-26,2025-02-26
tt0096283,8.1,Japan,2025-02-26,2025-02-26
tt17382524,7.0,Japan,2025-02-26,2025-02-26
tt14039582,7.5,Japan,2025-02-26,2025-02-26
tt15721650,7.3,Japan,2025-02-26,2025-02-26
tt21115444,7.1,Japan,2025-02-26,2025-02-26
tt21608894,N/A,Japan,2025-02-26,2025-02-26
tt12007484,6.7,Japan,2025-02-26,2025-02-26
tt14034966,7.5,Japan,2025-02-26,2025-02-26
tt15242330,8.1,Japan,2025-02-26,2025-02-26
tt10540510,7.1,Japan,2025-02-26,2025-02-26
tt14865506,7.2,Japan,2025-02-26,2025-02-26
tt13064272,7.0,Japan,2025-02-26,2025-02-26
tt14118266,6.5,Japan,2025-02-26,2025-02-26
tt15327548,6.8,Japan,2025-02-26,2025-02-26
tt15799550,7.7,Japan,2025-02-26,2025-02-26
tt15458866,4.9,Japan,2025-02-26,2025-02-26
tt10787472,6.1,Japan,2025-02-26,2025-02-26
tt11219254,7.5,Japan,2025-02-26,2025-02-26
tt15715792,7.5,Japan,2025-02-26,2025-02-26
tt13167612,N/A,Japan,2025-02-26,2025-02-26
tt15482370,6.8,"Japan, South Korea",2025-02-26,2025-02-26
tt0488103,4.8,"China, Hong Kong",2025-02-26,2025-02-26
tt14605210,N/A,Japan,2025-02-26,2025-02-26
tt11487698,6.3,Japan,2025-02-26,2025-02-26
tt17008472,6.4,Japan,2025-02-26,2025-02-26
tt1909796,7.7,Japan,2025-02-26,2025-02-26
tt14423692,N/A,Japan,2025-02-26,2025-02-26
tt21235352,5.4,Japan,2025-02-26,2025-02-26
tt0491652,7.4,Japan,2025-02-26,2025-02-26
tt11417856,6.4,Japan,2025-02-26,2025-02-26
tt13975458,4.5,Japan,2025-02-26,2025-02-26
tt13758684,6.8,Japan,2025-02-26,2025-02-26
tt9810090,6.7,Japan,2025-02-26,2025-02-26
tt14967958,6.7,Japan,2025-02-26,2025-02-26
tt19850394,6.2,Japan,2025-02-26,2025-02-26
tt15052770,7.3,Japan,2025-02-26,2025-02-26
tt14311250,5.6,Japan,2025-02-26,2025-02-26
tt15469504,6.1,Japan,2025-02-26,2025-02-26
tt15400628,6.3,Japan,2025-02-26,2025-02-26
tt19719904,6.6,"Japan, France, Philippines, Qatar",2025-02-26,2025-02-26
tt7112154,7.0,"Japan, France",2025-02-26,2025-02-26
tt16245968,4.4,Japan,2025-02-26,2025-02-26
tt14153324,N/A,Japan,2025-02-26,2025-02-26
tt17510216,N/A,Japan,2025-02-26,2025-02-26
tt20413256,N/A,Japan,2025-02-26,2025-02-26
tt0089746,7.2,Japan,2025-02-26,2025-02-26
tt0092048,7.9,Japan,2025-02-26,2025-02-26
tt15181216,N/A,Japan,2025-02-26,2025-02-26
tt15102828,N/A,Japan,2025-02-26,2025-02-26
tt15150608,7.0,Japan,2025-02-26,2025-02-26
tt6848928,7.3,Japan,2025-02-26,2025-02-26
tt1305678,7.0,Japan,2025-02-26,2025-02-26
tt19845354,5.4,Japan,2025-02-26,2025-02-26
tt18750342,N/A,Japan,2025-02-26,2025-02-26
tt13017168,6.2,Japan,2025-02-26,2025-02-26
tt21649884,N/A,Japan,2025-02-26,2025-02-26
tt11252688,6.1,Japan,2025-02-26,2025-02-26
tt18235306,6.9,"Japan, France",2025-02-26,2025-02-26
tt21627390,N/A,Japan,2025-02-26,2025-02-26
tt19632774,6.4,N/A,2025-02-26,2025-02-26
tt21816922,N/A,Japan,2025-02-26,2025-02-26
tt13345102,5.3,Japan,2025-02-26,2025-02-26
tt14786640,N/A,Japan,2025-02-26,2025-02-26
tt15215468,6.2,Japan,2025-02-26,2025-02-26
tt19845370,6.1,Japan,2025-02-26,2025-02-26
tt13404868,N/A,Japan,2025-02-26,2025-02-26
tt15442580,5.4,Japan,2025-02-26,2025-02-26
tt1077089,7.1,Japan,2025-02-26,2025-02-26
tt11773748,7.4,Japan,2025-02-26,2025-02-26
tt18952724,7.1,Japan,2025-02-26,2025-02-26
tt18096416,N/A,Japan,2025-02-26,2025-02-26
tt11679950,6.4,Japan,2025-02-26,2025-02-26
tt7283052,6.1,Japan,2025-02-26,2025-02-26
tt21439866,N/A,Japan,2025-02-26,2025-02-26
tt1590089,7.7,Japan,2025-02-26,2025-02-26
tt14820290,N/A,Japan,2025-02-26,2025-02-26
tt18566518,6.5,Japan,2025-02-26,2025-02-26
tt2113091,7.0,Japan,2025-02-26,2025-02-26
tt1677603,6.9,Japan,2025-02-26,2025-02-26
tt14941348,N/A,Japan,2025-02-26,2025-02-26
tt22775702,N/A,Japan,2025-02-26,2025-02-26
tt0498587,7.0,Japan,2025-02-26,2025-02-26
tt0046438,8.1,Japan,2025-02-26,2025-02-26
tt23555720,N/A,Japan,2025-02-26,2025-02-26
tt0788086,5.9,Taiwan,2025-02-26,2025-02-26
tt11897340,6.3,"Egypt, Netherlands, Occupied Palestinian Territory, Qatar",2025-02-26,2025-02-26
tt0317248,8.6,"Brazil, France",2025-02-26,2025-02-26
tt8430054,7.9,"Denmark, France, Norway, Sweden, Netherlands, United Kingdom, United States, Finland, Italy, Spain, Estonia, Slovenia, Belgium",2025-02-26,2025-02-26
tt15456878,6.7,Taiwan,2025-02-26,2025-02-26
tt18968540,6.2,Taiwan,2025-02-26,2025-02-26
tt15448352,N/A,Taiwan,2025-02-26,2025-02-26
tt17292614,5.9,Taiwan,2025-02-26,2025-02-26
tt22498834,N/A,Taiwan,2025-02-26,2025-02-26
tt15119668,7.0,Taiwan,2025-02-26,2025-02-26
tt21618732,4.2,Taiwan,2025-02-26,2025-02-26
tt21404042,4.7,Taiwan,2025-02-26,2025-02-26
tt24786154,5.9,"Hong Kong, China, Taiwan",2025-02-26,2025-02-26
tt16077426,N/A,Taiwan,2025-02-26,2025-02-26
tt15620158,7.1,Taiwan,2025-02-26,2025-02-26
tt22463402,6.4,Taiwan,2025-02-26,2025-02-26
tt16738372,N/A,Taiwan,2025-02-26,2025-02-26
tt22757470,N/A,Taiwan,2025-02-26,2025-02-26
tt22370990,N/A,Taiwan,2025-02-26,2025-02-26
tt0105382,7.3,Taiwan,2025-02-26,2025-02-26
tt21936550,N/A,Taiwan,2025-02-26,2025-02-26
tt22497950,N/A,Taiwan,2025-02-26,2025-02-26
tt14401290,6.0,Taiwan,2025-02-26,2025-02-26
tt15677260,N/A,Taiwan,2025-02-26,2025-02-26
tt12194516,7.3,Taiwan,2025-02-26,2025-02-26
tt22398358,N/A,Taiwan,2025-02-26,2025-02-26
tt19609954,7.7,Taiwan,2025-02-26,2025-02-26
tt22335454,N/A,Taiwan,2025-02-26,2025-02-26
tt15138308,5.9,Taiwan,2025-02-26,2025-02-26
tt15742308,N/A,Taiwan,2025-02-26,2025-02-26
tt13298522,6.2,Taiwan,2025-02-26,2025-02-26
tt21881700,N/A,Taiwan,2025-02-26,2025-02-26
tt15445340,5.7,Taiwan,2025-02-26,2025-02-26
tt29060486,N/A,Taiwan,2025-02-26,2025-02-26
tt15677210,N/A,Taiwan,2025-02-26,2025-02-26
tt17336922,N/A,"China, Taiwan",2025-02-26,2025-02-26
tt15743140,N/A,Taiwan,2025-02-26,2025-02-26
tt13217182,6.9,Taiwan,2025-02-26,2025-02-26
tt13370724,N/A,Taiwan,2025-02-26,2025-02-26
tt13236576,N/A,Taiwan,2025-02-26,2025-02-26
tt18317338,N/A,Taiwan,2025-02-26,2025-02-26
tt11319188,6.3,Taiwan,2025-02-26,2025-02-26
tt15743072,N/A,Taiwan,2025-02-26,2025-02-26
tt15446628,N/A,Taiwan,2025-02-26,2025-02-26
tt12205628,N/A,Taiwan,2025-02-26,2025-02-26
tt15096446,N/A,Taiwan,2025-02-26,2025-02-26
tt10639214,4.4,"Netherlands, Taiwan",2025-02-26,2025-02-26
tt13298600,N/A,Taiwan,2025-02-26,2025-02-26
tt13878178,N/A,Taiwan,2025-02-26,2025-02-26
tt3704050,7.5,"Canada, Mexico, Germany, South Africa",2025-02-26,2025-02-26
tt15488160,N/A,Taiwan,2025-02-26,2025-02-26
tt14071634,N/A,Taiwan,2025-02-26,2025-02-26
tt0347996,6.8,Taiwan,2025-02-26,2025-02-26
tt19876798,N/A,Taiwan,2025-02-26,2025-02-26
tt2567390,7.4,Taiwan,2025-02-26,2025-02-26
tt12867672,N/A,Taiwan,2025-02-26,2025-02-26
tt22476934,6.3,Taiwan,2025-02-26,2025-02-26
tt21228760,N/A,Taiwan,2025-02-26,2025-02-26
tt0176331,7.3,Taiwan,2025-02-26,2025-02-26
tt0088645,6.0,United States,2025-02-26,2025-02-26
tt0243132,7.6,Taiwan,2025-02-26,2025-02-26
tt0243494,6.5,Taiwan,2025-02-26,2025-02-26
tt0092231,7.2,Taiwan,2025-02-26,2025-02-26
tt0490518,7.5,Taiwan,2025-02-26,2025-02-26
tt4814380,6.3,"Taiwan, China",2025-02-26,2025-02-26
tt0116558,7.8,Taiwan,2025-02-26,2025-02-26
tt10415576,5.7,China,2025-02-26,2025-02-26
tt0292066,7.2,"Hong Kong, China",2025-02-26,2025-02-26
tt13364790,6.9,China,2025-02-26,2025-02-26
tt8499638,6.6,China,2025-02-26,2025-02-26
tt11090178,6.2,China,2025-02-26,2025-02-26
tt10670442,6.6,China,2025-02-26,2025-02-26
tt14509614,5.6,China,2025-02-26,2025-02-26
tt8747304,6.2,"China, Taiwan",2025-02-26,2025-02-26
tt16254308,6.1,China,2025-02-26,2025-02-26
tt17005404,4.8,China,2025-02-26,2025-02-26
tt10189300,7.5,"Bhutan, China",2025-02-26,2025-02-26
tt8020896,7.8,China,2025-02-26,2025-02-26
tt6419442,5.9,China,2025-02-26,2025-02-26
tt18550182,7.2,"Romania, France, Belgium, Sweden",2025-02-26,2025-02-26
tt6751668,8.5,South Korea,2025-02-26,2025-02-26
tt21364552,6.6,South Korea,2025-02-26,2025-02-26
tt13086266,6.6,South Korea,2025-02-26,2025-02-26
tt17494686,6.1,South Korea,2025-02-26,2025-02-26
tt22191360,N/A,N/A,2025-02-26,2025-02-26
tt22505124,4.7,South Korea,2025-02-26,2025-02-26
tt27534328,6.8,South Korea,2025-02-26,2025-02-26
tt12477480,7.3,South Korea,2025-02-26,2025-02-26
tt27688034,5.8,South Korea,2025-02-26,2025-02-26
tt21111120,6.0,"South Korea, Jordan",2025-02-26,2025-02-26
tt22507524,7.6,South Korea,2025-02-26,2025-02-26
tt27795356,6.6,South Korea,2025-02-26,2025-02-26
tt28230511,8.2,South Korea,2025-02-26,2025-02-26
tt22507484,6.4,South Korea,2025-02-26,2025-02-26
tt13086130,7.4,South Korea,2025-02-26,2025-02-26
tt29031019,6.8,South Korea,2025-02-26,2025-02-26
tt26679073,5.0,South Korea,2025-02-26,2025-02-26
tt23871504,6.7,South Korea,2025-02-26,2025-02-26
tt28995831,4.9,South Korea,2025-02-26,2025-02-26
tt11692284,7.0,South Korea,2025-02-26,2025-02-26
tt27502351,6.0,South Korea,2025-02-26,2025-02-26
tt29005755,5.9,South Korea,2025-02-26,2025-02-26
tt23157348,N/A,South Korea,2025-02-26,2025-02-26
tt28106766,6.2,South Korea,2025-02-26,2025-02-26
tt29259250,5.8,South Korea,2025-02-26,2025-02-26
tt29031126,5.8,South Korea,2025-02-26,2025-02-26
tt21387514,5.8,South Korea,2025-02-26,2025-02-26
tt22872370,6.8,South Korea,2025-02-26,2025-02-26
tt20039176,5.1,South Korea,2025-02-26,2025-02-26
tt23746764,6.2,South Korea,2025-02-26,2025-02-26
tt22298582,N/A,South Korea,2025-02-26,2025-02-26
tt24670346,5.7,South Korea,2025-02-26,2025-02-26
tt8209702,6.6,South Korea,2025-02-26,2025-02-26
tt25503544,6.2,South Korea,2025-02-26,2025-02-26
tt27002199,6.9,South Korea,2025-02-26,2025-02-26
tt27801630,5.8,South Korea,2025-02-26,2025-02-26
tt26599543,5.0,South Korea,2025-02-26,2025-02-26
tt24218390,6.7,South Korea,2025-02-26,2025-02-26
tt15089904,6.3,South Korea,2025-02-26,2025-02-26
tt21254598,6.6,South Korea,2025-02-26,2025-02-26
tt24076346,6.7,South Korea,2025-02-26,2025-02-26
tt0247613,7.6,"South Korea, Japan",2025-02-26,2025-02-26
tt0364569,8.3,South Korea,2025-02-26,2025-02-26
tt28681454,N/A,South Korea,2025-02-26,2025-02-26
tt28625660,6.4,South Korea,2025-02-26,2025-02-26
tt5213138,6.8,"Singapore, South Korea",2025-02-26,2025-02-26
tt0451094,7.5,South Korea,2025-02-26,2025-02-26
tt17491616,6.8,South Korea,2025-02-26,2025-02-26
tt19820538,7.2,South Korea,2025-02-26,2025-02-26
tt1216496,7.7,South Korea,2025-02-26,2025-02-26
tt10925772,7.8,South Korea,2025-02-26,2025-02-26
tt0310775,7.5,South Korea,2025-02-26,2025-02-26
tt14739128,7.5,South Korea,2025-02-26,2025-02-26
tt27410896,8.4,South Korea,2025-02-26,2025-02-26
tt0348568,7.7,South Korea,2025-02-26,2025-02-26
tt21190408,N/A,N/A,2025-02-26,2025-02-26
tt26425683,8.4,South Korea,2025-02-26,2025-02-26
tt15209608,N/A,South Korea,2025-02-26,2025-02-26
tt21404804,N/A,South Korea,2025-02-26,2025-02-26
tt2625030,7.5,South Korea,2025-02-26,2025-02-26
tt3404140,7.7,South Korea,2025-02-26,2025-02-26
tt14428606,7.1,"Taiwan, China, Hong Kong, United States",2025-02-26,2025-02-26
tt26448971,6.4,South Korea,2025-02-26,2025-02-26
tt17146978,6.8,South Korea,2025-02-26,2025-02-26
tt1848926,7.5,South Korea,2025-02-26,2025-02-26
tt22774776,N/A,South Korea,2025-02-26,2025-02-26
tt2659414,8.1,South Korea,2025-02-26,2025-02-26
tt2315152,7.2,South Korea,2025-02-26,2025-02-26
tt21810682,5.9,"United Kingdom, United States",2025-02-26,2025-02-26
tt18235146,5.9,"Austria, United Kingdom, Germany, France, Denmark, Turkey, United States, Qatar, Bosnia and Herzegovina",2025-02-26,2025-02-26
tt14838460,5.3,Australia,2025-02-26,2025-02-26
tt17679584,7.5,"France, Morocco, Belgium, Denmark",2025-02-26,2025-02-26
tt0405094,8.4,"Germany, France",2025-02-26,2025-02-26
tt5790684,6.0,"Germany, Australia, Belgium, India, Italy",2025-02-26,2025-02-26
tt14321668,7.2,Germany,2025-02-26,2025-02-26
tt0130827,7.6,Germany,2025-02-26,2025-02-26
tt17154094,5.7,"Germany, France",2025-02-26,2025-02-26
tt12058584,6.8,"Germany, Austria",2025-02-26,2025-02-26
tt27503384,7.9,"Japan, Germany",2025-02-26,2025-02-26
tt11155784,N/A,Germany,2025-02-26,2025-02-26
tt15536668,6.8,"Germany, Italy, Netherlands",2025-02-26,2025-02-26
tt9256012,N/A,Germany,2025-02-26,2025-02-26
tt0083946,8.0,"West Germany, Peru",2025-02-26,2025-02-26
tt22059648,7.6,Mongolia,2025-02-26,2025-02-26
tt16611924,7.1,"Yemen, Sudan, Saudi Arabia",2025-02-26,2025-02-26
tt19363554,4.0,Italy,2025-02-26,2025-02-26
tt3031654,8.2,"Italy, Belgium, Netherlands, Japan",2025-02-26,2025-02-26
tt0110877,7.8,"Italy, France, Belgium",2025-02-26,2025-02-26
tt14641542,7.7,"Italy, Belgium, France, United Kingdom",2025-02-26,2025-02-26
tt11877386,6.5,"Italy, France",2025-02-26,2025-02-26
tt15823126,5.5,Italy,2025-02-26,2025-02-26
tt12989910,N/A,Italy,2025-02-26,2025-02-26
tt10400026,6.9,"Sweden, Norway, Italy",2025-02-26,2025-02-26
tt11773446,5.4,Italy,2025-02-26,2025-02-26
tt13893190,3.3,"Italy, France",2025-02-26,2025-02-26
tt14508984,N/A,"Italy, France",2025-02-26,2025-02-26
tt15452062,7.0,"Sweden, France, Finland, Denmark",2025-02-26,2025-02-26
tt24017902,4.7,Sweden,2025-02-26,2025-02-26
tt20782072,4.8,Sweden,2025-02-26,2025-02-26
tt15239466,6.9,"Switzerland, Germany",2025-02-26,2025-02-26
tt9822706,6.8,"Singapore, Taiwan, China",2025-02-26,2025-02-26
tt16715436,5.4,Singapore,2025-02-26,2025-02-26
tt11212572,5.8,"Ireland, United Kingdom, Philippines, United States",2025-02-26,2025-02-26
tt15109082,7.7,Ireland,2025-02-26,2025-02-26
tt11992694,6.5,"Austria, Luxembourg, Germany, France",2025-02-26,2025-02-26
tt15157318,6.0,"Austria, Germany, Switzerland, Czech Republic",2025-02-26,2025-02-26
tt26473516,5.4,Vietnam,2025-02-26,2025-02-26
tt23747380,5.2,Vietnam,2025-02-26,2025-02-26
tt22489308,N/A,"Taiwan, United States, Philippines",2025-02-26,2025-02-26
tt14412446,6.0,Netherlands,2025-02-26,2025-02-26
tt9663168,4.5,Czech Republic,2025-02-26,2025-02-26
tt13875550,N/A,Czech Republic,2025-02-26,2025-02-26
tt21111352,N/A,N/A,2025-02-26,2025-02-26
tt27445004,7.2,"Malaysia, Taiwan",2025-02-26,2025-02-26
tt13212046,6.7,Malaysia,2025-02-26,2025-02-26
tt28449053,6.7,"Malaysia, Singapore, Taiwan",2025-02-26,2025-02-26
tt22205036,5.3,Malaysia,2025-02-26,2025-02-26
tt10803634,6.0,"Malaysia, Taiwan, Singapore, France, Germany, Netherlands, Indonesia, Switzerland, Qatar",2025-02-26,2025-02-26
tt16315948,6.9,"Ukraine, Turkey",2025-02-26,2025-02-26
tt19783714,7.9,Ukraine,2025-02-26,2025-02-26
tt24082438,8.5,"Ukraine, United States",2025-02-26,2025-02-26
tt11389212,N/A,"Ukraine, Poland, France",2025-02-26,2025-02-26
tt26547790,6.6,Thailand,2025-02-26,2025-02-26
tt9100018,5.9,"United States, Bulgaria",2025-02-26,2025-02-26
tt29633446,6.7,Thailand,2025-02-26,2025-02-26
tt14326000,N/A,Thailand,2025-02-26,2025-02-26
tt28654867,5.8,Thailand,2025-02-26,2025-02-26
tt27999306,N/A,Thailand,2025-02-26,2025-02-26
tt24787556,4.3,Thailand,2025-02-26,2025-02-26
tt13446128,6.3,Thailand,2025-02-26,2025-02-26
tt28686328,6.7,Thailand,2025-02-26,2025-02-26
tt10235670,5.8,Thailand,2025-02-26,2025-02-26
tt25406060,6.8,Thailand,2025-02-26,2025-02-26
tt14526682,7.2,"Norway, Netherlands",2025-02-26,2025-02-26
tt18816518,7.1,"Norway, Sweden, Denmark, France",2025-02-26,2025-02-26
tt14099796,6.2,"Hong Kong, China",2025-02-26,2025-02-26
tt26929966,5.9,"China, Hong Kong",2025-02-26,2025-02-26
tt22488024,5.7,"Hong Kong, China",2025-02-26,2025-02-26
tt6902394,5.9,"China, Hong Kong",2025-02-26,2025-02-26
tt0118845,7.7,"Hong Kong, South Korea, Japan",2025-02-26,2025-02-26
tt27881474,7.7,Hong Kong,2025-02-26,2025-02-26
tt20204936,4.7,Hong Kong,2025-02-26,2025-02-26
tt25377462,7.2,"Hong Kong, China",2025-02-26,2025-02-26
tt14032696,7.1,"Hong Kong, China",2025-02-26,2025-02-26
tt6419442,5.9,China,2025-02-26,2025-02-26
tt0102816,7.4,Hong Kong,2025-02-26,2025-02-26
tt19856688,6.4,Hong Kong,2025-02-26,2025-02-26
tt21867590,7.2,Hong Kong,2025-02-26,2025-02-26
tt29571399,5.9,China,2025-02-26,2025-02-26
tt14071600,N/A,Hong Kong,2025-02-26,2025-02-26
tt0092263,7.4,Hong Kong,2025-02-26,2025-02-26
tt17005282,5.4,Hong Kong,2025-02-26,2025-02-26
tt18280126,N/A,"Hong Kong, Malaysia",2025-02-26,2025-02-26
tt27881515,7.4,Hong Kong,2025-02-26,2025-02-26
tt15282802,7.1,Hong Kong,2025-02-26,2025-02-26
tt10687168,6.1,"Hong Kong, China",2025-02-26,2025-02-26
tt22398026,7.1,Hong Kong,2025-02-26,2025-02-26
tt20603692,N/A,Hong Kong,2025-02-26,2025-02-26
tt0338564,8.0,Hong Kong,2025-02-26,2025-02-26
tt22397894,N/A,Hong Kong,2025-02-26,2025-02-26
tt26493446,6.5,Hong Kong,2025-02-26,2025-02-26
tt15618938,6.3,Hong Kong,2025-02-26,2025-02-26
tt21330770,N/A,"Hong Kong, China",2025-02-26,2025-02-26
tt20603604,N/A,Hong Kong,2025-02-26,2025-02-26
tt0369060,7.2,"Hong Kong, Singapore, China",2025-02-26,2025-02-26
tt0168496,6.7,Hong Kong,2025-02-26,2025-02-26
tt0374339,6.8,"Hong Kong, China, Taiwan",2025-02-26,2025-02-26
tt0084807,7.6,Hong Kong,2025-02-26,2025-02-26
tt28818363,4.8,Hong Kong,2025-02-26,2025-02-26
tt29602209,N/A,Hong Kong,2025-02-26,2025-02-26
tt29244335,N/A,Hong Kong,2025-02-26,2025-02-26
tt27903398,N/A,Hong Kong,2025-02-26,2025-02-26
tt4873118,7.5,"United Kingdom, Spain, United States",2025-02-26,2025-02-26
tt10638522,7.1,"Australia, United Kingdom",2025-02-26,2025-02-26
tt19770238,7.6,"United Kingdom, United States, Turkey, Philippines, Netherlands",2025-02-26,2025-02-26
tt0085933,7.2,"United Kingdom, New Zealand, Japan",2025-02-26,2025-02-26
tt7322224,7.3,"United Kingdom, Sweden, Germany, Mexico, France, Turkey, Denmark, United States, Switzerland, Greece",2025-02-26,2025-02-26
tt19623240,2.9,"United Kingdom, United States",2025-02-26,2025-02-26
tt0091530,7.4,"United Kingdom, France, United States",2025-02-26,2025-02-26
tt9179096,7.2,"United Kingdom, United States, United Arab Emirates, Japan",2025-02-26,2025-02-26
tt0104237,6.7,"United Kingdom, France",2025-02-26,2025-02-26
tt19652910,6.7,"Poland, Italy",2025-02-26,2025-02-26
tt1680045,6.1,"United Kingdom, Austria, France, Canada, Brazil, United States",2025-02-26,2025-02-26
tt7326608,5.4,United Kingdom,2025-02-26,2025-02-26
tt1571222,6.4,"United Kingdom, Germany, Canada",2025-02-26,2025-02-26
tt0103939,7.5,"United Kingdom, France, Italy, Japan, United States",2025-02-26,2025-02-26
tt0280778,7.0,"United Kingdom, United States",2025-02-26,2025-02-26
tt0150915,7.3,United Kingdom,2025-02-26,2025-02-26
tt0335119,6.9,"United Kingdom, Luxembourg, France, Belgium, United States",2025-02-26,2025-02-26
tt0249462,7.7,"United Kingdom, France",2025-02-26,2025-02-26
tt8649344,7.0,United Kingdom,2025-02-26,2025-02-26
tt0085328,5.4,Italy,2025-02-26,2025-02-26
tt0057012,8.3,"United Kingdom, United States",2025-02-26,2025-02-26
tt1630029,7.5,United States,2025-02-26,2025-02-26
tt9603212,7.7,United States,2025-02-26,2025-02-26
tt6718170,7.0,"United States, Japan",2025-02-26,2025-02-26
tt10366206,7.6,"United States, Germany",2025-02-26,2025-02-26
tt15398776,8.3,"United States, United Kingdom",2025-02-26,2025-02-26
tt1517268,6.8,"United States, United Kingdom",2025-02-26,2025-02-26
tt5090568,6.0,"United States, Canada, United Kingdom, New Zealand, Hungary, Peru, China",2025-02-26,2025-02-26
tt6443346,6.2,"United States, Canada, New Zealand, Hungary",2025-02-26,2025-02-26
tt0439572,6.6,"United States, Canada, Australia, New Zealand",2025-02-26,2025-02-26
tt12593682,7.3,"United States, Japan",2025-02-26,2025-02-26
tt9362722,8.5,United States,2025-02-26,2025-02-26
tt2906216,7.2,"United States, Canada, United Kingdom, Iceland, Ireland, Australia",2025-02-26,2025-02-26
tt6710474,7.8,United States,2025-02-26,2025-02-26
tt10545296,6.7,"United States, Canada",2025-02-26,2025-02-26
tt17024450,6.8,"United States, Italy, Australia",2025-02-26,2025-02-26
tt4495098,7.1,"Japan, United States",2025-02-26,2025-02-26
tt10160976,5.6,United States,2025-02-26,2025-02-26
tt8760708,6.3,"United States, New Zealand",2025-02-26,2025-02-26
tt7985704,6.3,"United Kingdom, United States, China, Indonesia, Turkey",2025-02-26,2025-02-26
tt11858890,6.7,United States,2025-02-26,2025-02-26
tt9362930,5.9,"United States, Mexico, Canada, Germany",2025-02-26,2025-02-26
tt10151854,5.9,"United States, Germany, New Zealand, United Kingdom, India, South Korea, Canada",2025-02-26,2025-02-26
tt5884796,6.5,"United Kingdom, United States, Puerto Rico",2025-02-26,2025-02-26
tt3291150,4.8,United States,2025-02-26,2025-02-26
tt22687790,6.5,United States,2025-02-26,2025-02-26
tt21807222,6.6,"United States, Mexico, Canada",2025-02-26,2025-02-26
tt15474916,6.5,United States,2025-02-26,2025-02-26
tt13405778,5.5,"United States, Canada",2025-02-26,2025-02-26
tt5537002,7.6,United States,2025-02-26,2025-02-26
tt23736044,7.8,Japan,2025-02-26,2025-02-26
tt14109724,6.1,"United Kingdom, Japan, United States",2025-02-26,2025-02-26
tt9764362,7.2,United States,2025-02-26,2025-02-26
tt4589218,5.4,United States,2025-02-26,2025-02-26
tt1695843,6.0,"United States, Canada",2025-02-26,2025-02-26
tt13375076,6.1,"United States, Spain, United Kingdom",2025-02-26,2025-02-26
tt7405458,7.5,"United States, Sweden, Canada, Ireland, United Kingdom",2025-02-26,2025-02-26
tt13833688,7.6,United States,2025-02-26,2025-02-26
tt10279472,3.7,"United States, Dominican Republic, Mexico, Slovenia",2025-02-26,2025-02-26
tt6906292,5.3,"France, Germany, Spain, United States, Canada",2025-02-26,2025-02-26
tt7599146,7.6,"Mexico, United States",2025-02-26,2025-02-26
tt15744298,5.5,"United States, Colombia, United Kingdom",2025-02-26,2025-02-26
tt15671028,6.4,United States,2025-02-26,2025-02-26
tt10640346,7.1,United States,2025-02-26,2025-02-26
tt5761544,6.1,"United States, Saudi Arabia",2025-02-26,2025-02-26
tt7693316,6.6,United States,2025-02-26,2025-02-26
tt12261776,5.4,"United States, Ireland, Australia, Canada",2025-02-26,2025-02-26
tt3427252,5.9,"United States, Canada",2025-02-26,2025-02-26
tt8589698,7.2,"United States, Japan, Canada",2025-02-26,2025-02-26
tt13238346,7.8,"United States, South Korea",2025-02-26,2025-02-26
tt5726616,7.8,"Brazil, France, Italy, United States",2025-02-26,2025-02-26
tt11358390,6.4,"United States, United Kingdom, Canada",2025-02-26,2025-02-26
tt0468569,9.0,"United States, United Kingdom",2025-02-26,2025-02-26
tt12003946,6.7,"United States, Canada, Japan",2025-02-26,2025-02-26
tt14668630,6.1,"United States, United Kingdom, Italy",2025-02-26,2025-02-26
tt10855768,7.1,"United States, Russia",2025-02-26,2025-02-26
tt10304142,6.1,"United States, Japan",2025-02-26,2025-02-26
tt27155038,5.7,United States,2025-02-26,2025-02-26
tt15799866,5.3,"United States, Mexico",2025-02-26,2025-02-26
tt10633456,7.4,United States,2025-02-26,2025-02-26
tt14230388,6.5,United States,2025-02-26,2025-02-26
tt10028196,5.6,India,2025-02-26,2025-02-26
tt1448754,6.2,"United States, Canada, Australia",2025-02-26,2025-02-26
tt10665342,5.0,United States,2025-02-26,2025-02-26
tt10168670,6.8,"Italy, United States",2025-02-26,2025-02-26
tt12193804,6.6,United States,2025-02-26,2025-02-26
tt9731598,6.4,United States,2025-02-26,2025-02-26
tt15153532,6.3,"United States, United Kingdom",2025-02-26,2025-02-26
tt13640696,6.5,"United Kingdom, United States",2025-02-26,2025-02-26
tt15679400,6.1,"United States, Japan, China",2025-02-26,2025-02-26
tt3758542,6.4,"United States, United Kingdom, Italy, Saudi Arabia",2025-02-26,2025-02-26
tt9686790,5.5,United States,2025-02-26,2025-02-26
tt8080204,5.5,"United States, United Kingdom, Canada",2025-02-26,2025-02-26
tt11813216,7.7,"Ireland, United Kingdom, United States",2025-02-26,2025-02-26
tt10767052,6.5,"United Kingdom, United States, New Zealand",2025-02-26,2025-02-26
tt21942866,6.9,"United States, Canada",2025-02-26,2025-02-26
tt14209916,5.9,"United States, Netherlands, New Zealand, Ireland, United Kingdom",2025-02-26,2025-02-26
tt10275534,6.6,"United States, Canada",2025-02-26,2025-02-26
tt9288740,4.0,"United States, Canada, United Kingdom",2025-02-26,2025-02-26
tt14097206,6.8,United Kingdom,2025-02-26,2025-02-26
tt7720142,4.7,"United States, Italy",2025-02-26,2025-02-26
tt14013772,4.2,United States,2025-02-26,2025-02-26
tt14208870,7.5,"United States, India",2025-02-26,2025-02-26
tt3463938,4.1,"United States, United Kingdom, Ireland",2025-02-26,2025-02-26
tt13521006,6.7,"United States, United Kingdom, Finland, Canada",2025-02-26,2025-02-26
tt15268244,6.4,United States,2025-02-26,2025-02-26
tt4896168,5.1,"United States, Canada",2025-02-26,2025-02-26
tt11198810,7.3,"United States, Japan",2025-02-26,2025-02-26
tt13651794,6.8,United States,2025-02-26,2025-02-26
tt14458442,6.5,"United Kingdom, France",2025-02-26,2025-02-26
tt8373206,5.7,United States,2025-02-26,2025-02-26
tt21376908,7.3,United States,2025-02-26,2025-02-26
tt8002382,5.9,United States,2025-02-26,2025-02-26
tt15683734,5.2,"United States, Canada",2025-02-26,2025-02-26
tt13130024,5.2,Canada,2025-02-26,2025-02-26
tt1736633,7.6,"Norway, Denmark, Sweden",2025-02-26,2025-02-26
tt21991654,5.5,"United States, United Kingdom, Netherlands",2025-02-26,2025-02-26
tt1441912,7.3,"Spain, United States",2025-02-26,2025-02-26
tt14454876,5.9,"United Kingdom, United States",2025-02-26,2025-02-26
tt14147224,4.6,United States,2025-02-26,2025-02-26
tt8270664,4.0,United States,2025-02-26,2025-02-26
tt11773810,5.1,France,2025-02-26,2025-02-26
tt21374850,7.5,United States,2025-02-26,2025-02-26
tt27619382,5.2,"United States, United Kingdom, Canada",2025-02-26,2025-02-26
tt8129806,7.1,United States,2025-02-26,2025-02-26
tt22394702,3.4,United States,2025-02-26,2025-02-26
tt14402146,6.7,"United Kingdom, United States",2025-02-26,2025-02-26
tt0438315,7.2,"United States, Germany",2025-02-26,2025-02-26
tt26450742,4.2,United States,2025-02-26,2025-02-26
tt0387564,7.6,United States,2025-02-26,2025-02-26
tt9013340,4.7,United States,2025-02-26,2025-02-26
tt15422224,4.6,"United States, Serbia, Netherlands",2025-02-26,2025-02-26
tt13660266,7.7,United States,2025-02-26,2025-02-26
tt14849038,3.7,United States,2025-02-26,2025-02-26
tt11893676,5.3,"United Kingdom, Ireland",2025-02-26,2025-02-26
tt1951264,7.5,United States,2025-02-26,2025-02-26
tt0468489,7.1,United States,2025-02-26,2025-02-26
tt0099348,8.0,"United States, United Kingdom",2025-02-26,2025-02-26
tt0280707,7.2,"United Kingdom, Italy, United States",2025-02-26,2025-02-26
tt0765120,6.6,"China, France, Hong Kong, United States",2025-02-26,2025-02-26
tt1659337,7.9,United States,2025-02-26,2025-02-26
tt1392170,7.2,United States,2025-02-26,2025-02-26
tt0102685,7.3,"United States, Japan",2025-02-26,2025-02-26
tt0119349,7.3,"France, United States",2025-02-26,2025-02-26
tt2911666,7.4,United States,2025-02-26,2025-02-26
tt0276751,7.1,"United Kingdom, United States, France",2025-02-26,2025-02-26
tt7461272,6.5,"United States, United Kingdom, India",2025-02-26,2025-02-26
tt5629084,7.6,United Kingdom,2025-02-26,2025-02-26
tt9317274,N/A,"France, Tunisia, Luxembourg, Belgium, Germany, United States",2025-02-26,2025-02-26
tt0114787,8.0,"Federal Republic of Yugoslavia, France, Germany, Bulgaria, Czech Republic, Hungary",2025-02-26,2025-02-26
tt17164334,N/A,"Russia, Cyprus",2025-02-26,2025-02-26
tt9572006,4.8,"Russia, Hungary",2025-02-26,2025-02-26
tt17538510,6.4,"Russia, France, Switzerland",2025-02-26,2025-02-26
tt15815090,5.8,Russia,2025-02-26,2025-02-26
tt0318462,7.7,"United Kingdom, United States, France, Argentina, Peru, Chile, Germany",2025-02-26,2025-02-26
tt4741504,4.7,Poland,2025-02-26,2025-02-26
tt8613070,8.1,France,2025-02-26,2025-02-26
tt17009348,6.8,"France, United States",2025-02-26,2025-02-26
tt0211915,8.3,"France, Germany",2025-02-26,2025-02-26
tt0256103,6.0,"France, United Kingdom, Germany",2025-02-26,2025-02-26
tt13880104,7.4,France,2025-02-26,2025-02-26
tt12264966,6.5,"France, Italy, United Kingdom, United States",2025-02-26,2025-02-26
tt17277414,6.7,"France, Belgium, United Kingdom",2025-02-26,2025-02-26
tt17505492,5.7,"France, Belgium",2025-02-26,2025-02-26
tt19815386,6.5,France,2025-02-26,2025-02-26
tt1550312,7.3,"Canada, France",2025-02-26,2025-02-26
tt10457128,6.9,"France, Belgium",2025-02-26,2025-02-26
tt13639204,6.1,France,2025-02-26,2025-02-26
tt13204490,7.4,France,2025-02-26,2025-02-26
tt13217988,6.6,"France, Belgium",2025-02-26,2025-02-26
tt13531468,7.1,"France, Belgium, Netherlands",2025-02-26,2025-02-26
tt16987062,6.6,"France, Germany",2025-02-26,2025-02-26
tt16606592,6.7,"France, Belgium",2025-02-26,2025-02-26
tt13482828,7.0,"France, United Kingdom, Germany",2025-02-26,2025-02-26
tt5639354,7.2,"Chile, Spain, Germany, United States",2025-02-26,2025-02-26
tt13729232,6.6,"France, Canada",2025-02-26,2025-02-26
tt16953666,7.0,"France, Belgium",2025-02-26,2025-02-26
tt19891500,6.3,"France, Taiwan",2025-02-26,2025-02-26
tt7374926,6.3,"France, Germany",2025-02-26,2025-02-26
tt15385664,N/A,"France, Belgium",2025-02-26,2025-02-26
tt26448811,6.8,"France, Japan",2025-02-26,2025-02-26
tt19719862,6.8,France,2025-02-26,2025-02-26
tt13361648,5.9,France,2025-02-26,2025-02-26
tt15376894,6.8,France,2025-02-26,2025-02-26
tt10290244,7.1,"France, Luxembourg, Canada, United States",2025-02-26,2025-02-26
tt14335980,5.9,"France, Belgium",2025-02-26,2025-02-26
tt23741324,6.9,France,2025-02-26,2025-02-26
tt18550140,7.3,"Germany, Denmark, France, Sweden, Jordan, Italy",2025-02-26,2025-02-26
tt15152316,4.7,France,2025-02-26,2025-02-26
tt14534796,6.4,"France, Belgium",2025-02-26,2025-02-26
tt9320184,7.1,"France, Luxembourg, Canada, Netherlands",2025-02-26,2025-02-26
tt18317064,7.1,"Belgium, France",2025-02-26,2025-02-26
tt21382354,N/A,France,2025-02-26,2025-02-26
tt15403712,6.8,France,2025-02-26,2025-02-26
tt17009856,6.8,France,2025-02-26,2025-02-26
tt14590650,N/A,"France, Belgium",2025-02-26,2025-02-26
tt19719836,7.0,"France, Germany, Belgium, South Korea, Romania, Cambodia, Qatar",2025-02-26,2025-02-26
tt16252698,6.6,"France, Germany",2025-02-26,2025-02-26
tt14275050,6.7,"France, Germany, Luxembourg, Norway",2025-02-26,2025-02-26
tt2278871,7.7,"France, Belgium, Spain",2025-02-26,2025-02-26
tt15006566,7.5,"Spain, France",2025-02-26,2025-02-26
tt12847680,5.9,"France, Switzerland",2025-02-26,2025-02-26
tt26255358,7.0,France,2025-02-26,2025-02-26
tt14313434,6.7,France,2025-02-26,2025-02-26
tt14976386,6.6,"France, Italy",2025-02-26,2025-02-26
tt6993614,5.7,"France, Japan",2025-02-26,2025-02-26
tt13729364,6.6,France,2025-02-26,2025-02-26
tt19758084,N/A,France,2025-02-26,2025-02-26
tt12819094,5.7,"Belgium, France, Spain",2025-02-26,2025-02-26
tt13391708,6.7,France,2025-02-26,2025-02-26
tt17014214,6.6,France,2025-02-26,2025-02-26
tt13389730,6.8,France,2025-02-26,2025-02-26
tt0064040,8.1,"France, Italy",2025-02-26,2025-02-26
tt0039822,7.6,France,2025-02-26,2025-02-26
tt0061473,6.9,France,2025-02-26,2025-02-26
tt0052893,7.8,"France, Japan",2025-02-26,2025-02-26
tt0073166,6.1,France,2025-02-26,2025-02-26
tt0054426,6.9,"France, Italy",2025-02-26,2025-02-26
tt17014214,6.6,France,2025-02-26,2025-02-26
tt14860210,5.9,"France, Senegal",2025-02-26,2025-02-26
tt0053198,8.0,France,2025-02-26,2025-02-26
tt21230074,7.2,Croatia,2025-02-26,2025-02-26
tt18072540,5.2,Spain,2025-02-26,2025-02-26
tt21199996,4.4,Spain,2025-02-26,2025-02-26
tt20215670,5.9,"Spain, France",2025-02-26,2025-02-26
tt11930126,7.0,"Spain, Italy",2025-02-26,2025-02-26
tt21909682,7.1,Spain,2025-02-26,2025-02-26
tt11777920,5.2,"Spain, Senegal, Mexico",2025-02-26,2025-02-26
tt7710588,6.8,Spain,2025-02-26,2025-02-26
tt12748562,5.6,"Spain, Germany",2025-02-26,2025-02-26
tt13055264,6.2,"Spain, France",2025-02-26,2025-02-26
tt0230600,7.6,"Spain, France, United States",2025-02-26,2025-02-26
tt13968380,5.3,Spain,2025-02-26,2025-02-26
tt15850538,N/A,Spain,2025-02-26,2025-02-26
tt15128358,6.9,Spain,2025-02-26,2025-02-26
tt6277462,5.6,"India, United Kingdom, United States",2025-02-26,2025-02-26
tt7466810,8.7,India,2025-02-26,2025-02-26
tt15386680,7.7,India,2025-02-26,2025-02-26
tt9681686,7.4,"India, France, United States",2025-02-26,2025-02-26
tt16915972,6.7,Indonesia,2025-02-26,2025-02-26
tt21154728,N/A,Indonesia,2025-02-26,2025-02-26
tt19623228,7.1,"Denmark, Iceland, France, Sweden",2025-02-26,2025-02-26
tt0093342,8.1,Iran,2025-02-26,2025-02-26
tt0111845,7.7,"Iran, France",2025-02-26,2025-02-26
tt0105888,7.9,Iran,2025-02-26,2025-02-26
tt21378744,7.1,Iran,2025-02-26,2025-02-26
tt13920920,6.5,"Iran, France",2025-02-26,2025-02-26
tt20205236,7.3,Iran,2025-02-26,2025-02-26
tt8269552,7.0,"Iran, United States",2025-02-26,2025-02-26
tt19653180,7.9,Iran,2025-02-26,2025-02-26
tt13419036,7.6,Lithuania,2025-02-26,2025-02-26
tt10514056,6.8,Canada,2025-02-26,2025-02-26
tt20199286,6.9,Canada,2025-02-26,2025-02-26
tt1255953,8.3,"Canada, France",2025-02-26,2025-02-26
tt11790268,7.4,"Argentina, Canada",2025-02-26,2025-02-26
tt14036276,4.3,Canada,2025-02-26,2025-02-26
tt0278731,6.7,"Canada, United Kingdom",2025-02-26,2025-02-26
tt6443330,7.1,Israel,2025-02-26,2025-02-26
tt15242330,8.1,Japan,2025-02-26,2025-02-26
tt11535228,6.8,South Korea,2025-02-26,2025-02-26
tt21800888,7.0,South Korea,2025-02-26,2025-02-26
tt13056052,7.1,South Korea,2025-02-26,2025-02-26
tt6931658,6.7,South Korea,2025-02-26,2025-02-26
tt16428256,7.6,Japan,2025-02-26,2025-02-26
tt26862791,N/A,Japan,2025-02-26,2025-02-26
tt21223380,6.8,Japan,2025-02-26,2025-02-26
tt22868842,6.9,Japan,2025-02-26,2025-02-26
tt15737898,7.9,Japan,2025-02-26,2025-02-26
tt0094625,8.0,Japan,2025-02-26,2025-02-26
tt27348312,7.2,Japan,2025-02-26,2025-02-26
tt2458948,8.0,Japan,2025-02-26,2025-02-26
tt9881586,9.0,N/A,2025-02-26,2025-02-26
tt28036417,7.7,Japan,2025-02-26,2025-02-26
tt14379088,6.1,Japan,2025-02-26,2025-02-26
tt22474136,6.2,Japan,2025-02-26,2025-02-26
tt27554389,6.3,Japan,2025-02-26,2025-02-26
tt16418362,7.0,Japan,2025-02-26,2025-02-26
tt19413836,N/A,Japan,2025-02-26,2025-02-26
tt26674627,5.7,"Japan, United States",2025-02-26,2025-02-26
tt15450826,6.9,Japan,2025-02-26,2025-02-26
tt27190932,7.6,Japan,2025-02-26,2025-02-26
tt15439344,7.0,Japan,2025-02-26,2025-02-26
tt6578572,7.6,"Japan, United States",2025-02-26,2025-02-26
tt0768120,7.8,Japan,2025-02-26,2025-02-26
tt19869122,6.9,Japan,2025-02-26,2025-02-26
tt27881314,6.6,Japan,2025-02-26,2025-02-26
tt27626792,N/A,Japan,2025-02-26,2025-02-26
tt0074102,6.6,"Japan, France",2025-02-26,2025-02-26
tt25582396,6.0,Japan,2025-02-26,2025-02-26
tt23644572,4.6,Japan,2025-02-26,2025-02-26
tt20860298,N/A,Japan,2025-02-26,2025-02-26
tt21652624,5.9,Japan,2025-02-26,2025-02-26
tt21105546,N/A,Japan,2025-02-26,2025-02-26
tt22006138,7.1,Japan,2025-02-26,2025-02-26
tt27930733,N/A,Japan,2025-02-26,2025-02-26
tt22777600,6.7,Japan,2025-02-26,2025-02-26
tt18395238,6.6,Japan,2025-02-26,2025-02-26
tt11923304,6.5,Japan,2025-02-26,2025-02-26
tt22037646,N/A,Japan,2025-02-26,2025-02-26
tt20251822,6.9,Japan,2025-02-26,2025-02-26
tt1259521,7.0,"Canada, United States",2025-02-26,2025-02-26
tt0113824,7.8,Japan,2025-02-26,2025-02-26
tt24670176,5.7,Japan,2025-02-26,2025-02-26
tt1301178,6.9,Japan,2025-02-26,2025-02-26
tt28635008,N/A,Japan,2025-02-26,2025-02-26
tt28347814,7.7,Japan,2025-02-26,2025-02-26
tt17309864,N/A,"Japan, France",2025-02-26,2025-02-26
tt28444512,N/A,Japan,2025-02-26,2025-02-26
tt11179000,N/A,Japan,2025-02-26,2025-02-26
tt25399466,N/A,Japan,2025-02-26,2025-02-26
tt27510170,N/A,Japan,2025-02-26,2025-02-26
tt0113725,7.5,Japan,2025-02-26,2025-02-26
tt14141970,8.3,Japan,2025-02-26,2025-02-26
tt22651844,N/A,Japan,2025-02-26,2025-02-26
tt21647658,N/A,Japan,2025-02-26,2025-02-26
tt21819780,7.2,Japan,2025-02-26,2025-02-26
tt0408664,8.0,Japan,2025-02-26,2025-02-26
tt24161580,N/A,Japan,2025-02-26,2025-02-26
tt21216020,N/A,Japan,2025-02-26,2025-02-26
tt22648994,N/A,Japan,2025-02-26,2025-02-26
tt13369122,6.4,Japan,2025-02-26,2025-02-26
tt28259022,N/A,Japan,2025-02-26,2025-02-26
tt28756694,N/A,Japan,2025-02-26,2025-02-26
tt21434474,5.7,Japan,2025-02-26,2025-02-26
tt1087578,7.9,Japan,2025-02-26,2025-02-26
tt0089206,7.0,Japan,2025-02-26,2025-02-26
tt22062330,N/A,Japan,2025-02-26,2025-02-26
tt19845444,N/A,Japan,2025-02-26,2025-02-26
tt28490873,8.1,Japan,2025-02-26,2025-02-26
tt23322952,7.0,Japan,2025-02-26,2025-02-26
tt0100991,6.1,Japan,2025-02-26,2025-02-26
tt2271315,6.7,Japan,2025-02-26,2025-02-26
tt31407003,N/A,N/A,2025-02-26,2025-02-26
tt28489497,N/A,Japan,2025-02-26,2025-02-26
tt26689671,N/A,Japan,2025-02-26,2025-02-26
tt21944604,6.4,Japan,2025-02-26,2025-02-26
tt14190918,N/A,Japan,2025-02-26,2025-02-26
tt27745148,N/A,Japan,2025-02-26,2025-02-26
tt26930646,N/A,Japan,2025-02-26,2025-02-26
tt27510455,6.5,Japan,2025-02-26,2025-02-26
tt1160629,7.4,Japan,2025-02-26,2025-02-26
tt0347149,8.2,"Japan, United States",2025-02-26,2025-02-26
tt22046186,5.9,Japan,2025-02-26,2025-02-26
tt15165236,7.4,Hong Kong,2025-02-26,2025-02-26
tt15625968,N/A,Japan,2025-02-26,2025-02-26
tt1606180,7.0,United States,2025-02-26,2025-02-26
tt0127310,7.3,Japan,2025-02-26,2025-02-26
tt2412556,6.6,Japan,2025-02-26,2025-02-26
tt14246570,N/A,"Japan, Taiwan",2025-02-26,2025-02-26
tt13409496,5.6,Japan,2025-02-26,2025-02-26
tt0093502,7.3,Japan,2025-02-26,2025-02-26
tt22467872,N/A,Japan,2025-02-26,2025-02-26
tt0133089,7.2,Japan,2025-02-26,2025-02-26
tt30750832,N/A,Japan,2025-02-26,2025-02-26
tt0104874,7.4,Japan,2025-02-26,2025-02-26
tt0330904,6.8,Japan,2025-02-26,2025-02-26
tt0095597,6.7,Japan,2025-02-26,2025-02-26
tt0119698,8.3,Japan,2025-02-26,2025-02-26
tt0876563,7.6,Japan,2025-02-26,2025-02-26
tt22437974,6.4,Japan,2025-02-26,2025-02-26
tt0098972,6.5,Japan,2025-02-26,2025-02-26
tt0106651,6.9,Japan,2025-02-26,2025-02-26
tt1842532,6.8,Japan,2025-02-26,2025-02-26
tt19719976,7.6,"Pakistan, United States",2025-02-26,2025-02-26
tt19785426,6.7,"Germany, France, Cyprus, Occupied Palestinian Territory, Qatar",2025-02-26,2025-02-26
tt10288566,7.7,"Denmark, Sweden, Netherlands, Belgium, France",2025-02-26,2025-02-26
tt15387506,7.2,Denmark,2025-02-26,2025-02-26
tt22742964,7.0,Taiwan,2025-02-26,2025-02-26
tt27671269,5.7,Taiwan,2025-02-26,2025-02-26
tt29319990,7.3,Taiwan,2025-02-26,2025-02-26
tt21962086,5.3,Taiwan,2025-02-26,2025-02-26
tt28349905,7.0,Taiwan,2025-02-26,2025-02-26
tt20247796,N/A,Taiwan,2025-02-26,2025-02-26
tt27033991,4.1,Taiwan,2025-02-26,2025-02-26
tt29195650,7.4,Taiwan,2025-02-26,2025-02-26
tt24330660,5.6,Taiwan,2025-02-26,2025-02-26
tt27766132,6.1,Taiwan,2025-02-26,2025-02-26
tt26686436,6.3,"Taiwan, Hong Kong",2025-02-26,2025-02-26
tt22742070,6.3,Taiwan,2025-02-26,2025-02-26
tt0096908,7.8,Taiwan,2025-02-26,2025-02-26
tt26686277,N/A,Taiwan,2025-02-26,2025-02-26
tt22754786,N/A,Taiwan,2025-02-26,2025-02-26
tt29452517,7.3,Taiwan,2025-02-26,2025-02-26
tt27811012,N/A,Taiwan,2025-02-26,2025-02-26
tt12929746,4.0,Taiwan,2025-02-26,2025-02-26
tt29566160,6.5,Taiwan,2025-02-26,2025-02-26
tt28265358,N/A,Taiwan,2025-02-26,2025-02-26
tt22746776,N/A,Taiwan,2025-02-26,2025-02-26
tt27671363,N/A,Taiwan,2025-02-26,2025-02-26
tt28220721,5.6,Taiwan,2025-02-26,2025-02-26
tt27928749,N/A,Taiwan,2025-02-26,2025-02-26
tt27042866,N/A,China,2025-02-26,2025-02-26
tt27033944,N/A,Taiwan,2025-02-26,2025-02-26
tt29236840,N/A,Taiwan,2025-02-26,2025-02-26
tt22463330,N/A,Taiwan,2025-02-26,2025-02-26
tt27996285,N/A,Taiwan,2025-02-26,2025-02-26
tt21116954,6.8,Taiwan,2025-02-26,2025-02-26
tt11697820,6.6,"Taiwan, France",2025-02-26,2025-02-26
tt29497968,N/A,Taiwan,2025-02-26,2025-02-26
tt29115028,N/A,Taiwan,2025-02-26,2025-02-26
tt0337507,8.1,Taiwan,2025-02-26,2025-02-26
tt28525465,N/A,N/A,2025-02-26,2025-02-26
tt28484838,N/A,"Taiwan, Hong Kong",2025-02-26,2025-02-26
tt21969886,N/A,Taiwan,2025-02-26,2025-02-26
tt15435040,N/A,Taiwan,2025-02-26,2025-02-26
tt31913644,N/A,Taiwan,2025-02-26,2025-02-26
tt30488449,N/A,Taiwan,2025-02-26,2025-02-26
tt29115814,N/A,Taiwan,2025-02-26,2025-02-26
tt27936806,N/A,Taiwan,2025-02-26,2025-02-26
tt30842823,N/A,Taiwan,2025-02-26,2025-02-26
tt1216278,5.5,Taiwan,2025-02-26,2025-02-26
tt0082371,5.9,Taiwan,2025-02-26,2025-02-26
tt15430628,6.3,"China, Hong Kong",2025-02-26,2025-02-26
tt18689962,N/A,China,2025-02-26,2025-02-26
tt18673234,N/A,China,2025-02-26,2025-02-26
tt15413054,5.3,China,2025-02-26,2025-02-26
tt8519380,6.3,China,2025-02-26,2025-02-26
tt11482948,6.0,China,2025-02-26,2025-02-26
tt0234837,7.4,"Germany, China",2025-02-26,2025-02-26
tt14859416,7.5,"Turkey, France, Germany, Netherlands, Greece, Croatia",2025-02-26,2025-02-26
tt13231544,7.8,"Turkey, France, Germany, Sweden, Qatar",2025-02-26,2025-02-26
tt14330672,7.8,"Sudan, Sweden, Germany, Saudi Arabia, France, Egypt",2025-02-26,2025-02-26
tt27802490,6.9,South Korea,2025-02-26,2025-02-26
tt13446168,6.5,"Thailand, South Korea",2025-02-26,2025-02-26
tt27811040,6.6,South Korea,2025-02-26,2025-02-26
tt32938930,8.4,South Korea,2025-02-26,2025-02-26
tt31624258,6.8,South Korea,2025-02-26,2025-02-26
tt32881486,7.7,South Korea,2025-02-26,2025-02-26
tt25808194,5.5,"South Korea, Hong Kong",2025-02-26,2025-02-26
tt32175399,6.2,South Korea,2025-02-26,2025-02-26
tt32903026,8.3,South Korea,2025-02-26,2025-02-26
tt32013903,5.3,South Korea,2025-02-26,2025-02-26
tt31898445,6.4,South Korea,2025-02-26,2025-02-26
tt20201212,6.5,South Korea,2025-02-26,2025-02-26
tt30287778,6.4,South Korea,2025-02-26,2025-02-26
tt26591189,4.8,South Korea,2025-02-26,2025-02-26
tt1562328,7.4,Taiwan,2025-02-26,2025-02-26
tt32220831,6.4,"South Korea, Korea",2025-02-26,2025-02-26
tt32475217,6.5,South Korea,2025-02-26,2025-02-26
tt31315820,5.9,South Korea,2025-02-26,2025-02-26
tt12663266,N/A,Korea,2025-02-26,2025-02-26
tt30364726,6.6,South Korea,2025-02-26,2025-02-26
tt34490115,N/A,South Korea,2025-02-26,2025-02-26
tt12664652,N/A,South Korea,2025-02-26,2025-02-26
tt34692664,N/A,South Korea,2025-02-26,2025-02-26
tt33022813,7.8,South Korea,2025-02-26,2025-02-26
tt15426974,6.3,N/A,2025-02-26,2025-02-26
tt29466094,6.1,South Korea,2025-02-26,2025-02-26
tt28710841,5.4,South Korea,2025-02-26,2025-02-26
tt32322546,5.7,South Korea,2025-02-26,2025-02-26
tt22813112,6.3,South Korea,2025-02-26,2025-02-26
tt30911335,N/A,South Korea,2025-02-26,2025-02-26
tt27176023,N/A,South Korea,2025-02-26,2025-02-26
tt32799289,N/A,South Korea,2025-02-26,2025-02-26
tt28488187,7.2,South Korea,2025-02-26,2025-02-26
tt14916052,5.5,South Korea,2025-02-26,2025-02-26
tt32933495,N/A,South Korea,2025-02-26,2025-02-26
tt27304839,6.0,South Korea,2025-02-26,2025-02-26
tt26736481,N/A,South Korea,2025-02-26,2025-02-26
tt0428870,8.1,South Korea,2025-02-26,2025-02-26
tt28077172,N/A,South Korea,2025-02-26,2025-02-26
tt27830625,4.3,South Korea,2025-02-26,2025-02-26
tt1588356,7.5,South Korea,2025-02-26,2025-02-26
tt20114686,7.3,United Kingdom,2025-02-26,2025-02-26
tt8542964,6.1,"Australia, United States",2025-02-26,2025-02-26
tt26612950,7.4,"Germany, United States",2025-02-26,2025-02-26
tt15740596,7.1,Germany,2025-02-26,2025-02-26
tt26440619,7.1,Germany,2025-02-26,2025-02-26
tt14439178,7.1,"Germany, Austria",2025-02-26,2025-02-26
tt13506526,6.2,"Germany, Austria, Switzerland, United Kingdom",2025-02-26,2025-02-26
tt14514964,5.1,"Germany, Belgium, Norway",2025-02-26,2025-02-26
tt27148236,7.2,"Germany, Netherlands",2025-02-26,2025-02-26
tt8892064,6.7,Germany,2025-02-26,2025-02-26
tt16103266,6.1,"Austria, Switzerland, Germany, Luxembourg",2025-02-26,2025-02-26
tt26315142,7.0,"Mexico, France, Denmark, Netherlands",2025-02-26,2025-02-26
tt14212142,4.5,Mexico,2025-02-26,2025-02-26
tt0056732,8.0,Mexico,2025-02-26,2025-02-26
tt27816866,6.7,"Qatar, Germany, Netherlands, Portugal, Mongolia, France",2025-02-26,2025-02-26
tt21605226,7.2,"Mongolia, France, Switzerland, Qatar",2025-02-26,2025-02-26
tt14561712,7.3,"Italy, France, Switzerland, Turkey",2025-02-26,2025-02-26
tt6832210,6.7,Italy,2025-02-26,2025-02-26
tt14225838,7.6,"Italy, Belgium, France",2025-02-26,2025-02-26
tt21800162,7.7,Italy,2025-02-26,2025-02-26
tt14137416,7.0,"Italy, France, Germany",2025-02-26,2025-02-26
tt4707780,N/A,"Italy, Switzerland",2025-02-26,2025-02-26
tt15213704,6.4,Italy,2025-02-26,2025-02-26
tt7270808,6.9,"Italy, Belgium",2025-02-26,2025-02-26
tt9320170,5.4,Italy,2025-02-26,2025-02-26
tt25730490,3.7,Sweden,2025-02-26,2025-02-26
tt0064165,7.4,"Switzerland, France, Italy",2025-02-26,2025-02-26
tt32277855,N/A,Singapore,2025-02-26,2025-02-26
tt32363253,6.5,Singapore,2025-02-26,2025-02-26
tt15782690,6.3,Ireland,2025-02-26,2025-02-26
tt20420790,6.0,"Estonia, Greece, Finland, Latvia",2025-02-26,2025-02-26
tt26006472,5.9,Austria,2025-02-26,2025-02-26
tt32740311,5.0,Vietnam,2025-02-26,2025-02-26
tt30460383,5.4,Vietnam,2025-02-26,2025-02-26
tt31174028,6.8,Vietnam,2025-02-26,2025-02-26
tt30611573,5.2,Vietnam,2025-02-26,2025-02-26
tt31710879,N/A,Philippines,2025-02-26,2025-02-26
tt10370812,6.9,"Chile, Argentina, United Kingdom, Taiwan, Germany, Sweden, France, Denmark, United States",2025-02-26,2025-02-26
tt26773666,7.3,Netherlands,2025-02-26,2025-02-26
tt29609422,5.8,Thailand,2025-02-26,2025-02-26
tt31392609,8.0,Thailand,2025-02-26,2025-02-26
tt31513578,7.1,Thailand,2025-02-26,2025-02-26
tt32750439,4.8,"Thailand, Singapore",2025-02-26,2025-02-26
tt28766949,7.7,Thailand,2025-02-26,2025-02-26
tt32490826,5.5,Thailand,2025-02-26,2025-02-26
tt33477753,N/A,Thailand,2025-02-26,2025-02-26
tt32380407,6.0,Thailand,2025-02-26,2025-02-26
tt27788834,5.8,Thailand,2025-02-26,2025-02-26
tt28937890,7.4,Thailand,2025-02-26,2025-02-26
tt32362537,N/A,Thailand,2025-02-26,2025-02-26
tt24744192,6.2,Thailand,2025-02-26,2025-02-26
tt32362515,7.8,Thailand,2025-02-26,2025-02-26
tt0440803,7.0,Thailand,2025-02-26,2025-02-26
tt31145295,N/A,Thailand,2025-02-26,2025-02-26
tt30625404,N/A,Thailand,2025-02-26,2025-02-26
tt30103412,N/A,Thailand,2025-02-26,2025-02-26
tt30957694,5.2,Thailand,2025-02-26,2025-02-26
tt30320576,7.7,Norway,2025-02-26,2025-02-26
tt0228807,6.1,Japan,2025-02-26,2025-02-26
tt20316748,7.0,"Hong Kong, China",2025-02-26,2025-02-26
tt31648020,7.9,Hong Kong,2025-02-26,2025-02-26
tt30958950,6.1,"China, Hong Kong",2025-02-26,2025-02-26
tt30024043,7.2,"China, Hong Kong",2025-02-26,2025-02-26
tt19029666,5.5,Hong Kong,2025-02-26,2025-02-26
tt27139786,7.0,Hong Kong,2025-02-26,2025-02-26
tt28594068,6.0,Hong Kong,2025-02-26,2025-02-26
tt31659167,N/A,Hong Kong,2025-02-26,2025-02-26
tt22776798,N/A,Hong Kong,2025-02-26,2025-02-26
tt30488315,N/A,Hong Kong,2025-02-26,2025-02-26
tt33420331,N/A,Hong Kong,2025-02-26,2025-02-26
tt11810546,7.1,Hong Kong,2025-02-26,2025-02-26
tt13887128,6.9,Hong Kong,2025-02-26,2025-02-26
tt29632851,5.6,China,2025-02-26,2025-02-26
tt30478127,5.3,Hong Kong,2025-02-26,2025-02-26
tt31159533,6.8,"Hong Kong, Taiwan",2025-02-26,2025-02-26
tt30474040,N/A,Hong Kong,2025-02-26,2025-02-26
tt27121093,7.3,Hong Kong,2025-02-26,2025-02-26
tt30439035,7.2,"Hong Kong, China",2025-02-26,2025-02-26
tt22000856,N/A,Hong Kong,2025-02-26,2025-02-26
tt33499985,N/A,Hong Kong,2025-02-26,2025-02-26
tt28637452,N/A,Hong Kong,2025-02-26,2025-02-26
tt10272386,8.2,"United Kingdom, France, United States",2025-02-26,2025-02-26
tt7160372,7.3,"United Kingdom, Poland, United States",2025-02-26,2025-02-26
tt22863968,4.1,"United States, France, United Kingdom",2025-02-26,2025-02-26
tt0087884,8.1,"West Germany, France, United Kingdom",2025-02-26,2025-02-26
tt7959138,5.9,"United Kingdom, Canada, France, China, United States",2025-02-26,2025-02-26
tt12981702,4.7,"United Kingdom, France, United States",2025-02-26,2025-02-26
tt12531856,7.1,"New Zealand, Poland, United States",2025-02-26,2025-02-26
tt22050754,4.6,"United States, United Kingdom, Slovenia, Slovakia, Switzerland",2025-02-26,2025-02-26
tt23330554,4.7,"United Kingdom, United States",2025-02-26,2025-02-26
tt0056869,7.6,United States,2025-02-26,2025-02-26
tt22767628,4.5,"United States, United Kingdom",2025-02-26,2025-02-26
tt19883634,7.1,"United Kingdom, France, Belgium",2025-02-26,2025-02-26
tt14946978,5.9,"Philippines, United Kingdom",2025-02-26,2025-02-26
tt32778124,N/A,United Kingdom,2025-02-26,2025-02-26
tt13968794,5.9,United Kingdom,2025-02-26,2025-02-26
tt8649252,6.9,United Kingdom,2025-02-26,2025-02-26
tt27819388,3.3,United Kingdom,2025-02-26,2025-02-26
tt34227779,N/A,United States,2025-02-26,2025-02-26
tt22890246,6.5,"United Kingdom, Greece, France, Belgium",2025-02-26,2025-02-26
tt13430858,6.3,"United Kingdom, France, India, United States",2025-02-26,2025-02-26
tt0090182,7.3,"United States, West Germany",2025-02-26,2025-02-26
tt1605717,6.9,"Ireland, United Kingdom",2025-02-26,2025-02-26
tt7286456,8.3,"United States, Canada, Australia",2025-02-26,2025-02-26
tt6263850,7.6,"United States, United Kingdom, New Zealand, Canada",2025-02-26,2025-02-26
tt15239678,8.5,"United States, Canada, United Arab Emirates, Hungary, Italy, New Zealand, Jordan, Gambia",2025-02-26,2025-02-26
tt16366836,6.0,"United States, United Kingdom, Canada",2025-02-26,2025-02-26
tt18412256,7.1,"United Kingdom, United States, Hungary, Australia, New Zealand, Canada",2025-02-26,2025-02-26
tt13622970,6.9,"United States, Canada",2025-02-26,2025-02-26
tt11389872,6.9,United States,2025-02-26,2025-02-26
tt12584954,6.5,"Japan, United States",2025-02-26,2025-02-26
tt4919268,6.5,United States,2025-02-26,2025-02-26
tt15314262,6.3,"United Kingdom, United States",2025-02-26,2025-02-26
tt12037194,7.5,"Australia, United States",2025-02-26,2025-02-26
tt13433802,6.3,"United States, United Kingdom, Canada",2025-02-26,2025-02-26
tt29623480,8.2,"United States, Japan",2025-02-26,2025-02-26
tt1262426,8.0,"United States, Japan, Canada, Iceland, United Kingdom",2025-02-26,2025-02-26
tt14230458,7.8,"Ireland, United Kingdom, United States, Hungary",2025-02-26,2025-02-26
tt14948432,6.4,"United States, Canada",2025-02-26,2025-02-26
tt13186482,6.7,"United States, Canada",2025-02-26,2025-02-26
tt0816692,8.7,"United States, United Kingdom, Canada",2025-02-26,2025-02-26
tt21692408,6.3,"United States, China, Japan",2025-02-26,2025-02-26
tt28142896,5.7,"France, Taiwan, United States",2025-02-26,2025-02-26
tt1684562,6.8,"United States, Australia, Canada",2025-02-26,2025-02-26
tt8864596,7.6,United States,2025-02-26,2025-02-26
tt17526714,7.3,"United Kingdom, France",2025-02-26,2025-02-26
tt17279496,7.0,"United States, United Kingdom, Finland",2025-02-26,2025-02-26
tt11057302,4.0,"United States, Mexico",2025-02-26,2025-02-26
tt6495056,6.6,United States,2025-02-26,2025-02-26
tt5779228,5.7,"United States, United Kingdom, Hong Kong",2025-02-26,2025-02-26
tt8790086,5.4,"United States, Iceland, Canada, United Kingdom",2025-02-26,2025-02-26
tt26753003,5.9,"United States, Canada",2025-02-26,2025-02-26
tt2049403,6.7,"United States, France",2025-02-26,2025-02-26
tt23468450,6.7,"Canada, United States",2025-02-26,2025-02-26
tt19864802,6.6,"United States, Australia",2025-02-26,2025-02-26
tt11152168,6.4,"United States, Canada",2025-02-26,2025-02-26
tt21235248,6.1,"United States, Canada, United Kingdom",2025-02-26,2025-02-26
tt5177120,6.8,"United States, United Kingdom, Turkey",2025-02-26,2025-02-26
tt10720352,7.0,"United States, Canada",2025-02-26,2025-02-26
tt27534307,6.8,"United States, Croatia, Canada",2025-02-26,2025-02-26
tt29439114,7.0,"Spain, United States, France",2025-02-26,2025-02-26
tt5672290,6.5,"United States, Italy, Serbia, Canada",2025-02-26,2025-02-26
tt26047818,6.1,"Australia, United States",2025-02-26,2025-02-26
tt23137390,5.8,"United States, Italy",2025-02-26,2025-02-26
tt26658104,4.7,United States,2025-02-26,2025-02-26
tt11540468,4.2,United States,2025-02-26,2025-02-26
tt4978420,4.6,"United States, Hungary",2025-02-26,2025-02-26
tt1340094,4.7,"United States, United Kingdom, France, Czech Republic",2025-02-26,2025-02-26
tt27489557,6.6,"United States, Ireland, Canada",2025-02-26,2025-02-26
tt26736843,5.7,"Ireland, United States",2025-02-26,2025-02-26
tt1896747,6.6,"United States, United Kingdom",2025-02-26,2025-02-26
tt27911000,6.4,United States,2025-02-26,2025-02-26
tt28015403,7.1,"United States, Canada",2025-02-26,2025-02-26
tt14824600,6.5,"United States, New Zealand, Japan",2025-02-26,2025-02-26
tt10655524,6.5,United States,2025-02-26,2025-02-26
tt20215968,6.8,United States,2025-02-26,2025-02-26
tt21201300,4.7,United States,2025-02-26,2025-02-26
tt16426418,7.1,"Italy, United States",2025-02-26,2025-02-26
tt14858658,6.5,"Mexico, United States",2025-02-26,2025-02-26
tt2016303,5.2,"United States, Bulgaria, Greece",2025-02-26,2025-02-26
tt26757462,4.5,"United States, United Kingdom, Germany, Bulgaria",2025-02-26,2025-02-26
tt8097030,7.0,"United States, Canada",2025-02-26,2025-02-26
tt14415204,5.4,"United States, Canada, France",2025-02-26,2025-02-26
tt9663896,6.1,United States,2025-02-26,2025-02-26
tt28607951,8.0,United States,2025-02-26,2025-02-26
tt9214772,6.8,"United States, Canada, Singapore, India",2025-02-26,2025-02-26
tt14849194,7.9,United States,2025-02-26,2025-02-26
tt13923084,6.4,"United States, Germany, South Africa",2025-02-26,2025-02-26
tt24871974,5.4,United States,2025-02-26,2025-02-26
tt20115766,7.0,United States,2025-02-26,2025-02-26
tt12598606,3.2,United States,2025-02-26,2025-02-26
tt14124080,7.0,"United Kingdom, France, Sweden",2025-02-26,2025-02-26
tt20112746,5.7,Australia,2025-02-26,2025-02-26
tt11240348,4.2,United States,2025-02-26,2025-02-26
tt8521778,6.2,United States,2025-02-26,2025-02-26
tt26545708,5.1,United States,2025-02-26,2025-02-26
tt20201748,6.2,United States,2025-02-26,2025-02-26
tt0112471,8.1,"United States, Austria",2025-02-26,2025-02-26
tt0381681,8.1,"France, United States",2025-02-26,2025-02-26
tt14351082,7.3,United States,2025-02-26,2025-02-26
tt21454134,6.7,United States,2025-02-26,2025-02-26
tt22041854,6.5,"Italy, United States",2025-02-26,2025-02-26
tt8310486,5.2,United States,2025-02-26,2025-02-26
tt15352542,7.0,"United States, Canada, United Kingdom",2025-02-26,2025-02-26
tt2328678,5.2,"Australia, United States, China, France, Hong Kong, United Kingdom",2025-02-26,2025-02-26
tt21191906,6.4,United States,2025-02-26,2025-02-26
tt10403420,6.1,United States,2025-02-26,2025-02-26
tt24079736,6.8,United States,2025-02-26,2025-02-26
tt12818328,7.7,United States,2025-02-26,2025-02-26
tt26594061,7.0,United States,2025-02-26,2025-02-26
tt28662887,5.5,"France, Canada",2025-02-26,2025-02-26
tt14537248,6.4,United States,2025-02-26,2025-02-26
tt4281724,5.5,United States,2025-02-26,2025-02-26
tt15678810,5.6,United States,2025-02-26,2025-02-26
tt2042568,7.4,"United States, United Kingdom, France",2025-02-26,2025-02-26
tt1640718,7.0,"Qatar, France, Lebanon, Canada, United States",2025-02-26,2025-02-26
tt0315733,7.6,United States,2025-02-26,2025-02-26
tt0159097,7.2,United States,2025-02-26,2025-02-26
tt22939186,5.5,"United States, Ireland, Canada",2025-02-26,2025-02-26
tt7738330,6.7,United States,2025-02-26,2025-02-26
tt11952626,5.2,Cambodia,2025-02-26,2025-02-26
tt27996716,7.2,"Bulgaria, Germany",2025-02-26,2025-02-26
tt15296186,5.8,Russia,2025-02-26,2025-02-26
tt18039808,6.4,"Algeria, France, Taiwan, Saudi Arabia, Qatar",2025-02-26,2025-02-26
tt28768831,3.5,"New Zealand, Argentina",2025-02-26,2025-02-26
tt10651230,7.6,"Poland, Serbia, Lithuania",2025-02-26,2025-02-26
tt24464438,2.9,Poland,2025-02-26,2025-02-26
tt21249656,4.0,Poland,2025-02-26,2025-02-26
tt0113947,7.2,"France, Italy, Germany",2025-02-26,2025-02-26
tt0068361,7.8,"France, Italy, Spain",2025-02-26,2025-02-26
tt0072368,7.3,"France, Italy",2025-02-26,2025-02-26
tt0067409,7.3,"France, Italy",2025-02-26,2025-02-26
tt0071487,7.8,"France, Italy",2025-02-26,2025-02-26
tt0061395,7.6,"France, Italy",2025-02-26,2025-02-26
tt0075824,7.8,"France, Spain",2025-02-26,2025-02-26
tt13429870,7.6,"Spain, France",2025-02-26,2025-02-26
tt17009710,7.7,France,2025-02-26,2025-02-26
tt19760052,7.4,"France, Belgium",2025-02-26,2025-02-26
tt26699529,6.8,"France, Switzerland",2025-02-26,2025-02-26
tt14407336,6.5,"France, Canada",2025-02-26,2025-02-26
tt12443930,6.9,France,2025-02-26,2025-02-26
tt26342863,6.9,"France, Belgium",2025-02-26,2025-02-26
tt14549270,5.4,"Italy, Poland, France, Switzerland",2025-02-26,2025-02-26
tt25969960,N/A,France,2025-02-26,2025-02-26
tt26254622,N/A,"France, Germany, Switzerland, Japan",2025-02-26,2025-02-26
tt15732890,6.1,France,2025-02-26,2025-02-26
tt21352380,6.0,France,2025-02-26,2025-02-26
tt28444113,N/A,France,2025-02-26,2025-02-26
tt21348598,N/A,France,2025-02-26,2025-02-26
tt26760867,N/A,France,2025-02-26,2025-02-26
tt26256216,N/A,France,2025-02-26,2025-02-26
tt23476446,6.6,France,2025-02-26,2025-02-26
tt21962898,5.7,"Belgium, France",2025-02-26,2025-02-26
tt0253474,8.5,"France, Poland, Germany, United Kingdom, United States",2025-02-26,2025-02-26
tt23327624,N/A,"Canada, France",2025-02-26,2025-02-26
tt0020530,7.6,France,2025-02-26,2025-02-26
tt5822848,5.7,"United States, France, Ireland, Iran",2025-02-26,2025-02-26
tt0083260,7.3,France,2025-02-26,2025-02-26
tt0061138,7.5,France,2025-02-26,2025-02-26
tt11887316,7.4,Spain,2025-02-26,2025-02-26
tt22506854,5.2,Spain,2025-02-26,2025-02-26
tt21284358,7.2,"Spain, Argentina",2025-02-26,2025-02-26
tt24695266,N/A,Spain,2025-02-26,2025-02-26
tt21113962,7.0,Spain,2025-02-26,2025-02-26
tt21223304,N/A,"Spain, France",2025-02-26,2025-02-26
tt28259207,7.5,India,2025-02-26,2025-02-26
tt32086077,7.3,"France, India, Netherlands, Luxembourg, Italy, Switzerland, United States, Belgium",2025-02-26,2025-02-26
tt28763074,5.7,Indonesia,2025-02-26,2025-02-26
tt29545351,4.7,Indonesia,2025-02-26,2025-02-26
tt28857853,5.4,Indonesia,2025-02-26,2025-02-26
tt30833435,N/A,Indonesia,2025-02-26,2025-02-26
tt27490380,6.6,"Indonesia, South Korea",2025-02-26,2025-02-26
tt21047870,7.1,Indonesia,2025-02-26,2025-02-26
tt31015278,7.5,"Iran, France, Sweden, Germany",2025-02-26,2025-02-26
tt24216998,7.0,Canada,2025-02-26,2025-02-26
tt11687104,5.5,"Canada, United Kingdom, United States",2025-02-26,2025-02-26
tt22487338,6.9,"Canada, France",2025-02-26,2025-02-26
tt22207786,7.1,Canada,2025-02-26,2025-02-26
tt7636728,7.3,"Belgium, Netherlands",2025-02-26,2025-02-26
tt13866832,6.2,"Belgium, Luxembourg, Netherlands",2025-02-26,2025-02-26
tt27812279,6.1,"Belgium, France",2025-02-26,2025-02-26
tt30476486,7.8,Japan,2025-02-26,2025-02-26
tt30400536,6.7,Japan,2025-02-26,2025-02-26
tt31711040,7.8,"Japan, United States",2025-02-26,2025-02-26
tt29402528,6.6,Japan,2025-02-26,2025-02-26
tt21223380,6.8,Japan,2025-02-26,2025-02-26
tt0119698,8.3,Japan,2025-02-26,2025-02-26
tt0347149,8.2,"Japan, United States",2025-02-26,2025-02-26
tt16270512,N/A,Japan,2025-02-26,2025-02-26
tt15737898,7.9,Japan,2025-02-26,2025-02-26
tt28036417,7.7,Japan,2025-02-26,2025-02-26
tt28347814,7.7,Japan,2025-02-26,2025-02-26
tt32253416,N/A,Japan,2025-02-26,2025-02-26
tt27957457,7.1,Japan,2025-02-26,2025-02-26
tt30648377,N/A,Japan,2025-02-26,2025-02-26
tt33428606,8.3,"South Korea, Japan",2025-02-26,2025-02-26
tt32561659,N/A,Japan,2025-02-26,2025-02-26
tt11802992,7.7,Japan,2025-02-26,2025-02-26
tt27554389,6.3,Japan,2025-02-26,2025-02-26
tt0113703,7.9,Japan,2025-02-26,2025-02-26
tt0983213,7.5,Japan,2025-02-26,2025-02-26
tt31869366,N/A,Japan,2025-02-26,2025-02-26
tt28490873,8.1,Japan,2025-02-26,2025-02-26
tt31142500,6.7,Japan,2025-02-26,2025-02-26
tt27626792,N/A,Japan,2025-02-26,2025-02-26
tt31235903,5.6,Japan,2025-02-26,2025-02-26
tt25582396,6.0,Japan,2025-02-26,2025-02-26
tt31859966,N/A,N/A,2025-02-26,2025-02-26
tt28490044,7.0,Japan,2025-02-26,2025-02-26
tt2591814,7.4,Japan,2025-02-26,2025-02-26
tt30333011,5.9,Japan,2025-02-26,2025-02-26
tt28607487,6.5,Japan,2025-02-26,2025-02-26
tt28090490,5.9,Japan,2025-02-26,2025-02-26
tt27671691,N/A,Japan,2025-02-26,2025-02-26
tt22694908,N/A,"Japan, France",2025-02-26,2025-02-26
tt32235713,N/A,Japan,2025-02-26,2025-02-26
tt0452039,7.7,Japan,2025-02-26,2025-02-26
tt31987050,N/A,Japan,2025-02-26,2025-02-26
tt0381348,6.8,Japan,2025-02-26,2025-02-26
tt27957454,N/A,Japan,2025-02-26,2025-02-26
tt30832517,N/A,Japan,2025-02-26,2025-02-26
tt0126663,7.3,Hong Kong,2025-02-26,2025-02-26
tt28635008,N/A,Japan,2025-02-26,2025-02-26
tt30227076,7.7,"United States, United Kingdom, Japan",2025-02-26,2025-02-26
tt1259521,7.0,"Canada, United States",2025-02-26,2025-02-26
tt1301178,6.9,Japan,2025-02-26,2025-02-26
tt22187898,N/A,Japan,2025-02-26,2025-02-26
tt27679654,5.9,Japan,2025-02-26,2025-02-26
tt26731970,7.2,Japan,2025-02-26,2025-02-26
tt1839494,7.1,Japan,2025-02-26,2025-02-26
tt29486219,N/A,Japan,2025-02-26,2025-02-26
tt24067424,N/A,Japan,2025-02-26,2025-02-26
tt34278071,N/A,"Taiwan, Japan",2025-02-26,2025-02-26
tt0370754,7.1,Japan,2025-02-26,2025-02-26
tt32086082,4.9,Japan,2025-02-26,2025-02-26
tt28153349,N/A,Japan,2025-02-26,2025-02-26
tt31557623,N/A,Japan,2025-02-26,2025-02-26
tt27916137,N/A,Japan,2025-02-26,2025-02-26
tt27448082,7.1,Japan,2025-02-26,2025-02-26
tt0089206,7.0,Japan,2025-02-26,2025-02-26
tt28259022,N/A,Japan,2025-02-26,2025-02-26
tt0408664,8.0,Japan,2025-02-26,2025-02-26
tt0120120,6.6,Japan,2025-02-26,2025-02-26
tt32467842,N/A,Japan,2025-02-26,2025-02-26
tt28756694,N/A,Japan,2025-02-26,2025-02-26
tt31549782,6.6,Japan,2025-02-26,2025-02-26
tt32828123,6.4,Japan,2025-02-26,2025-02-26
tt32352167,N/A,Japan,2025-02-26,2025-02-26
tt29666664,N/A,Japan,2025-02-26,2025-02-26
tt29311021,N/A,"Japan, United States, Finland, France",2025-02-26,2025-02-26
tt27412934,6.7,Japan,2025-02-26,2025-02-26
tt32118941,N/A,Japan,2025-02-26,2025-02-26
tt31416518,N/A,Japan,2025-02-26,2025-02-26
tt28803702,N/A,Japan,2025-02-26,2025-02-26
tt0087544,8.0,Japan,2025-02-26,2025-02-26
tt0352248,8.0,United States,2025-02-26,2025-02-26
tt33504293,N/A,"Japan, Taiwan, United States",2025-02-26,2025-02-26
tt11354144,5.2,Japan,2025-02-26,2025-02-26
tt28433392,N/A,Japan,2025-02-26,2025-02-26
tt21854424,5.2,Japan,2025-02-26,2025-02-26
tt31307480,N/A,Japan,2025-02-26,2025-02-26
tt31939660,6.6,Japan,2025-02-26,2025-02-26
tt32252612,N/A,Japan,2025-02-26,2025-02-26
tt31307409,N/A,Japan,2025-02-26,2025-02-26
tt28354451,N/A,Japan,2025-02-26,2025-02-26
tt0104652,7.7,Japan,2025-02-26,2025-02-26
tt19769320,N/A,Japan,2025-02-26,2025-02-26
tt33175825,9.3,Japan,2025-02-26,2025-02-26
tt32553302,N/A,Japan,2025-02-26,2025-02-26
tt32424190,N/A,Japan,2025-02-26,2025-02-26
tt33034308,N/A,Japan,2025-02-26,2025-02-26
tt0206216,7.1,Japan,2025-02-26,2025-02-26
tt7089878,7.1,Japan,2025-02-26,2025-02-26
tt18815700,6.3,Japan,2025-02-26,2025-02-26
tt27481259,N/A,Japan,2025-02-26,2025-02-26
tt32128870,6.2,Japan,2025-02-26,2025-02-26
tt5489950,6.7,Japan,2025-02-26,2025-02-26
tt1783792,6.2,Japan,2025-02-26,2025-02-26
tt0397317,7.0,Japan,2025-02-26,2025-02-26
tt0091989,7.2,Japan,2025-02-26,2025-02-26
tt0087545,7.1,Japan,2025-02-26,2025-02-26
tt1516552,5.9,South Korea,2025-02-26,2025-02-26
tt2465146,5.9,United States,2025-02-26,2025-02-26
tt0189741,N/A,Japan,2025-02-26,2025-02-26
tt23034616,N/A,Japan,2025-02-26,2025-02-26
tt28355655,N/A,Japan,2025-02-26,2025-02-26
tt27348922,N/A,Japan,2025-02-26,2025-02-26
tt23034906,N/A,Japan,2025-02-26,2025-02-26
tt19719976,7.6,"Pakistan, United States",2025-02-26,2025-02-26
tt20561198,7.7,"Denmark, Sweden, Norway, Germany",2025-02-26,2025-02-26
tt22697846,7.7,"Denmark, Canada, Latvia, United Kingdom, Sweden",2025-02-26,2025-02-26
tt20204996,6.4,Denmark,2025-02-26,2025-02-26
tt17493724,6.0,Denmark,2025-02-26,2025-02-26
tt19623314,7.1,Denmark,2025-02-26,2025-02-26
tt31039829,7.2,"Taiwan, Japan",2025-02-26,2025-02-26
tt17079606,7.5,Taiwan,2025-02-26,2025-02-26
tt29195650,7.4,Taiwan,2025-02-26,2025-02-26
tt29319990,7.3,Taiwan,2025-02-26,2025-02-26
tt21962086,5.3,Taiwan,2025-02-26,2025-02-26
tt30698096,5.7,Taiwan,2025-02-26,2025-02-26
tt32991372,N/A,Taiwan,2025-02-26,2025-02-26
tt27766132,6.1,Taiwan,2025-02-26,2025-02-26
tt31500748,4.6,Taiwan,2025-02-26,2025-02-26
tt32332834,N/A,Taiwan,2025-02-26,2025-02-26
tt32079904,N/A,Taiwan,2025-02-26,2025-02-26
tt26686277,N/A,Taiwan,2025-02-26,2025-02-26
tt29452517,7.3,Taiwan,2025-02-26,2025-02-26
tt27811012,N/A,Taiwan,2025-02-26,2025-02-26
tt29566160,6.5,Taiwan,2025-02-26,2025-02-26
tt29608585,N/A,Taiwan,2025-02-26,2025-02-26
tt32757742,N/A,Taiwan,2025-02-26,2025-02-26
tt32332866,N/A,Taiwan,2025-02-26,2025-02-26
tt20916374,N/A,Taiwan,2025-02-26,2025-02-26
tt28265358,N/A,Taiwan,2025-02-26,2025-02-26
tt32536634,N/A,Taiwan,2025-02-26,2025-02-26
tt28813819,N/A,Taiwan,2025-02-26,2025-02-26
tt33372518,N/A,Taiwan,2025-02-26,2025-02-26
tt33290581,N/A,Taiwan,2025-02-26,2025-02-26
tt31843865,6.4,Taiwan,2025-02-26,2025-02-26
tt29306913,N/A,Taiwan,2025-02-26,2025-02-26
tt29271889,N/A,Taiwan,2025-02-26,2025-02-26
tt0283283,7.0,"Taiwan, France",2025-02-26,2025-02-26
tt30842823,N/A,Taiwan,2025-02-26,2025-02-26
tt31502586,N/A,Taiwan,2025-02-26,2025-02-26
tt31807711,N/A,Taiwan,2025-02-26,2025-02-26
tt27928749,N/A,Taiwan,2025-02-26,2025-02-26
tt28772179,N/A,Taiwan,2025-02-26,2025-02-26
tt30488449,N/A,Taiwan,2025-02-26,2025-02-26
tt32484078,N/A,Taiwan,2025-02-26,2025-02-26
tt29236840,N/A,Taiwan,2025-02-26,2025-02-26
tt22171834,7.0,"Malaysia, Singapore, Taiwan",2025-02-26,2025-02-26
tt33381781,N/A,Taiwan,2025-02-26,2025-02-26
tt11697820,6.6,"Taiwan, France",2025-02-26,2025-02-26
tt21116954,6.8,Taiwan,2025-02-26,2025-02-26
tt33292292,N/A,Taiwan,2025-02-26,2025-02-26
tt29494975,N/A,"Taiwan, Japan",2025-02-26,2025-02-26
tt29115028,N/A,Taiwan,2025-02-26,2025-02-26
tt29115978,6.2,Taiwan,2025-02-26,2025-02-26
tt29115814,N/A,Taiwan,2025-02-26,2025-02-26
tt32058431,N/A,Taiwan,2025-02-26,2025-02-26
tt26689278,N/A,Taiwan,2025-02-26,2025-02-26
tt31913644,N/A,Taiwan,2025-02-26,2025-02-26
tt28484838,N/A,"Taiwan, Hong Kong",2025-02-26,2025-02-26
tt28419037,N/A,"Singapore, Taiwan, France, United States",2025-02-26,2025-02-26
tt21994228,5.2,"France, Luxembourg, Taiwan, Mauritania",2025-02-26,2025-02-26
tt0244316,8.1,"Taiwan, Japan",2025-02-26,2025-02-26
tt2247566,7.7,Taiwan,2025-02-26,2025-02-26
tt0091355,7.7,Taiwan,2025-02-26,2025-02-26
tt11930188,6.8,"Singapore, Taiwan, France, Portugal",2025-02-26,2025-02-26
tt32079860,N/A,"South Korea, Taiwan, Philippines",2025-02-26,2025-02-26
tt0096908,7.8,Taiwan,2025-02-26,2025-02-26
tt1216278,5.5,Taiwan,2025-02-26,2025-02-26
tt15424716,6.7,"Singapore, Taiwan, Poland",2025-02-26,2025-02-26
tt0082371,5.9,Taiwan,2025-02-26,2025-02-26
tt30523942,6.2,Taiwan,2025-02-26,2025-02-26
tt32341501,N/A,Taiwan,2025-02-26,2025-02-26
tt17501870,5.8,"China, Hong Kong",2025-02-26,2025-02-26
tt18766596,N/A,China,2025-02-26,2025-02-26
tt32186579,6.9,"Singapore, Germany, United States",2025-02-26,2025-02-26
tt23118352,5.7,"China, Russia",2025-02-26,2025-02-26
tt14071684,6.9,China,2025-02-26,2025-02-26
tt17507018,6.5,China,2025-02-26,2025-02-26
tt20836144,5.7,China,2025-02-26,2025-02-26
tt10121904,N/A,China,2025-02-26,2025-02-26
tt6533000,6.1,China,2025-02-26,2025-02-26
tt15560314,7.2,"Bhutan, Taiwan, France, United States, Hong Kong",2025-02-26,2025-02-26
tt13231544,7.8,"Turkey, France, Germany, Sweden, Qatar",2025-02-26,2025-02-26
tt21612768,6.6,"Turkey, Germany, Serbia",2025-02-26,2025-02-26
